No.,業界,細分化業界,職種,従業員数,所在地,事例タイトル,サブタイトル,記事概要,課題背景,具体的問題点,現在数値,業務フロー問題,担当者悩み,導入ツール,実装手順,研修内容,カスタマイズ内容,導入期間,定量的効果,作業時間短縮,コスト削減効果,品質向上指標,副次的効果,成功要因分析,現場変化,今後計画,参考ポイント,使用ツール詳細,連携システム,データフロー,セキュリティ対策,記事ステータス,記事URL,note投稿,LinkedIn投稿,作成日,記事作成日,更新日,タグ
401,小売業,食品小売（スーパー）,店長,12名,宮城県仙台市,売上分析の手作業→GAS自動化で発注精度85%向上,日々の売上データをGoogleフォームで効率的に分析・活用,手作業による売上分析をGoogleフォームとGASで自動化し、発注精度の向上と食品ロスの削減を実現。データ活用による経営改善を促進。,食品小売業では鮮度管理が重要で、適切な発注量の判断が利益に直結。手作業での売上分析では時間がかかり、廃棄ロスも増加。,1.売上データの集計に時間がかかる 2.発注量の判断が経験頼み 3.食品廃棄ロスの増加 4.季節変動の考慮不足,売上集計：1日2時間／廃棄ロス：売上の8%／発注ミス：週平均15件／データ分析：週1回3時間,レジ売上→手作業集計→発注判断→発注実行→結果確認という時間のかかる流れ,「発注量が難しい」「廃棄が多い」「データ活用できない」,Googleフォーム、Google Apps Script、Googleスプレッドシート、ChatGPT,1.売上データの整理 2.分析フォーム作成 3.GASによる自動分析機能構築 4.発注支援機能追加 5.スタッフ研修実施,フォーム操作方法、データ入力手順、分析結果の読み方、発注判断基準,商品カテゴリ別分析、季節要因考慮、天候連動分析、廃棄アラート機能,3週間（分析・設計2週間、テスト・研修1週間）,売上集計時間：2時間→20分（83%削減）／廃棄ロス：8%→3%（63%削減）／発注精度：85%向上,1日1時間40分短縮、月間50時間の作業時間削減,人件費月6万円削減、廃棄ロス月15万円削減,発注精度85%向上、在庫回転率20%向上,スタッフの数字意識向上、売上予測精度向上、顧客満足度向上,データ活用による科学的な発注判断、直感的な分析画面、継続的な改善,「発注が楽になった」「廃棄が減った」とスタッフの満足度向上,顧客分析の強化、販促効果測定、競合分析の追加,データ活用の重要性、継続的な改善、現場に合わせた機能設計,Googleフォーム（データ入力）、GAS（自動分析）、スプレッドシート（管理）、ChatGPT（トレンド分析）,POSシステムとの連携、発注システムとのデータ共有,売上データ入力→GAS自動分析→発注提案→実行→結果評価,売上データの暗号化、アクセス権限管理、定期バックアップ、操作ログ管理,事例のみ,,,,2025-07-08,,,"小売業,食品小売（スーパー）,店長,業務効率化,GAS"
402,小売業,ドラッグストア,店舗運営責任者,30名,兵庫県神戸市,薬剤在庫管理の手書き→GAS自動化で期限切れ90%削減,医薬品の期限管理をスマートフォン対応システムで効率化,手書きによる薬剤在庫管理をGoogleフォームとGASで自動化し、期限切れ薬剤の大幅削減と在庫効率化を実現。コンプライアンス強化にも貢献。,ドラッグストアでは医薬品の期限管理が法的に重要。手書き管理では期限切れの見落としが発生し、廃棄ロスや法的リスクが課題。,1.期限切れ薬剤の見落とし 2.在庫確認に時間がかかる 3.発注タイミングの判断困難 4.薬剤師の業務負担増,期限切れ廃棄：月平均30万円／在庫確認：1日1時間／発注ミス：月平均8件,入荷→手書き記録→期限確認→発注判断→廃棄処理という非効率な流れ,「期限管理が大変」「廃棄が多い」「法的リスクが心配」,Googleフォーム、Google Apps Script、Googleスプレッドシート、スマートフォン,1.薬剤分類の整理 2.期限管理フォーム作成 3.GASによる自動アラート機能構築 4.発注支援機能追加 5.薬剤師研修実施,スマートフォン操作、薬剤登録方法、期限アラート対応、発注判断基準,薬剤分類別管理、期限アラート機能、写真付き在庫確認、処方箋連動機能,2週間（設計・構築1週間、テスト・研修1週間）,期限切れ廃棄：30万円→3万円（90%削減）／在庫確認時間：1時間→10分（83%削減）／発注精度：85%向上,1日50分短縮、月間25時間の作業時間削減,廃棄ロス月27万円削減、人件費月4万円削減,在庫精度95%向上、コンプライアンス強化,薬剤師の業務負担軽減、顧客対応時間増加、法的リスク低減,スマートフォン対応による利便性、自動アラート機能、薬剤師の負担軽減,「期限管理が楽になった」「安心して業務できる」と薬剤師の満足度向上,処方箋システムとの連携、患者管理機能の追加、薬歴管理との統合,コンプライアンス重視、自動化による負担軽減、専門職への配慮,Googleフォーム（薬剤登録）、GAS（期限管理・アラート）、スプレッドシート（在庫管理）、スマートフォン（モバイル対応）,POSシステムとの連携、処方箋システムとのデータ共有,薬剤登録→期限監視→アラート通知→発注判断→在庫調整,薬剤データの暗号化、アクセス権限管理、薬剤師認証、操作ログ管理,事例のみ,,,,2025-07-08,,,"小売業,ドラッグストア,店舗運営責任者,業務効率化,GAS"
403,小売業,衣料品店,店主,15名,埼玉県さいたま市,顧客管理の手書き→GAS自動化で売上30%向上,顧客の購買履歴をデジタル化してリピート率改善,手書きによる顧客管理をGoogleフォームとGASで自動化し、顧客データの活用による売上向上とリピート率改善を実現。個人経営店の競争力強化。,個人経営の衣料品店では顧客との関係性が重要。手書き管理では顧客情報の活用が困難で、大手チェーンとの競争で劣勢。,1.顧客情報の整理困難 2.購買履歴の活用不足 3.リピート客の減少 4.季節商品の販売タイミング逸失,顧客管理：手書き台帳／リピート率：25%／顧客情報確認：1件5分／売上前年比：95%,接客→手書き記録→情報整理→次回提案という非効率な流れ,「顧客を覚えきれない」「提案が難しい」「売上が伸びない」,Googleフォーム、Google Apps Script、Googleスプレッドシート、ChatGPT,1.既存顧客情報の整理 2.顧客登録フォーム作成 3.GASによる購買分析機能構築 4.提案支援機能追加 5.活用方法研修実施,顧客情報入力方法、購買履歴確認手順、提案タイミング判断、季節商品提案方法,顧客別購買傾向分析、季節商品推奨機能、サイズ・色彩記録、誕生日リマインダー,3週間（データ整理・設計2週間、テスト・研修1週間）,リピート率：25%→45%（80%向上）／顧客情報確認：5分→30秒（90%削減）／売上：前年比130%,1日30分短縮、月間15時間の作業時間削減,人件費月2万円削減、在庫効率化で月10万円改善,顧客満足度40%向上、接客品質向上,常連客との関係強化、口コミ増加、地域での評判向上,顧客データの活用、個人店の強みを活かした接客、継続的な関係構築,「顧客のことがよく分かる」「提案しやすい」と店主の満足度向上,SNS連携、メール配信機能、イベント管理機能の追加,顧客データ活用の重要性、個人店の強みを活かす、継続的な関係構築,Googleフォーム（顧客登録）、GAS（分析・提案）、スプレッドシート（顧客管理）、ChatGPT（トレンド分析）,POSシステムとの連携、在庫管理システムとのデータ共有,顧客情報入力→購買履歴分析→提案生成→接客実行→結果評価,顧客データの暗号化、個人情報保護、アクセス権限管理、プライバシー設定,事例のみ,,,,2025-07-08,,,"小売業,衣料品店,店主,業務効率化,GAS"
404,小売業,書店,店長,12名,静岡県静岡市,書籍発注の経験頼み→GAS分析で売上20%向上,売れ筋分析とトレンド予測で効率的な書籍仕入れ,経験に頼る書籍発注をGoogleフォームとGASによるデータ分析で改善し、売上向上と在庫効率化を実現。読者ニーズに応じた品揃えを実現。,書店では新刊の発売サイクルが早く、適切な発注量の判断が困難。経験頼みでは売れ筋を逃し、売れ残りも発生。,1.売れ筋の予測困難 2.返品率の高さ 3.話題書の発注タイミング逸失 4.地域ニーズの把握不足,返品率：30%／売れ筋分析：週1回2時間／発注判断：1日1時間／売上前年比：90%,新刊情報確認→経験による発注判断→発注実行→売上確認→返品処理という非効率な流れ,「何が売れるか分からない」「返品が多い」「売上が伸びない」,Googleフォーム、Google Apps Script、Googleスプレッドシート、ChatGPT,1.過去売上データの整理 2.分析フォーム作成 3.GASによる売れ筋分析機能構築 4.発注支援機能追加 5.運用方法研修実施,売上データ入力方法、分析結果の読み方、発注判断基準、トレンド情報活用法,ジャンル別売上分析、季節要因考慮、地域特性分析、話題書アラート機能,3週間（データ整理・設計2週間、テスト・研修1週間）,返品率：30%→15%（50%削減）／売れ筋予測精度：70%向上／売上：前年比120%,1日45分短縮、月間22時間の作業時間削減,返品コスト月8万円削減、人件費月3万円削減,顧客満足度25%向上、品揃え評価向上,読者との会話増加、地域文化活動参加、出版社との関係強化,データ活用による科学的発注、地域ニーズの把握、継続的な分析改善,「発注に自信が持てる」「売上が見えて楽しい」と店長の満足度向上,読者アンケート機能、イベント管理、オンライン販売連携,データ活用の重要性、地域特性の考慮、継続的な改善,Googleフォーム（データ入力）、GAS（売れ筋分析）、スプレッドシート（在庫管理）、ChatGPT（トレンド分析）,POSシステムとの連携、出版社システムとのデータ共有,売上データ入力→分析処理→発注提案→実行→結果評価,売上データの暗号化、アクセス権限管理、定期バックアップ、操作ログ管理,事例のみ,,,,2025-07-08,,,"小売業,書店,店長,業務効率化,GAS"
405,小売業,花屋,店主,8名,広島県広島市,季節商品管理の手作業→GAS自動化で廃棄率60%削減,花の鮮度管理と需要予測をデジタル化で効率化,手作業による花の鮮度管理をGoogleフォームとGASで自動化し、廃棄率の削減と売上向上を実現。季節イベントに応じた効率的な仕入れ管理。,花屋では商品の鮮度管理が最重要課題。手作業では鮮度チェックに時間がかかり、廃棄ロスも多く、季節需要の予測も困難。,1.鮮度管理の負担大 2.季節需要の予測困難 3.廃棄ロスの多さ 4.イベント対応の準備不足,廃棄率：25%／鮮度チェック：1日2時間／需要予測：経験頼み／イベント準備：直前対応,入荷→鮮度確認→陳列→売上確認→廃棄処理という時間のかかる流れ,「廃棄が多い」「需要が読めない」「イベント対応が大変」,Googleフォーム、Google Apps Script、Googleスプレッドシート、ChatGPT,1.花の分類・鮮度基準整理 2.管理フォーム作成 3.GASによる鮮度アラート機能構築 4.需要予測機能追加 5.運用方法研修実施,鮮度入力方法、アラート対応手順、需要予測の見方、イベント準備計画,花種別鮮度管理、季節イベントカレンダー、需要予測機能、廃棄アラート機能,2週間（設計・構築1週間、テスト・研修1週間）,廃棄率：25%→10%（60%削減）／鮮度チェック時間：2時間→30分（75%削減）／売上：前年比125%,1日1時間30分短縮、月間45時間の作業時間削減,廃棄ロス月12万円削減、人件費月5万円削減,鮮度管理精度向上、顧客満足度30%向上,商品知識の向上、顧客との会話増加、地域イベント参加増,鮮度管理の自動化、季節性の考慮、継続的な改善,「管理が楽になった」「売上が予測できる」と店主の満足度向上,配達管理機能、顧客管理連携、SNS販促機能の追加,鮮度管理の重要性、季節性の考慮、継続的な改善,Googleフォーム（鮮度入力）、GAS（アラート・予測）、スプレッドシート（在庫管理）、ChatGPT（需要分析）,POSシステムとの連携、配達管理システムとのデータ共有,鮮度入力→アラート通知→需要予測→発注判断→結果評価,商品データの暗号化、アクセス権限管理、定期バックアップ、操作ログ管理,事例のみ,,,,2025-07-08,,,"小売業,花屋,店主,業務効率化,GAS"
406,小売業,薬局,Web担当,12名,福岡県福岡市,薬局のWeb担当向け業務効率化事例,GASとGoogleフォーム活用による店舗運営効率化,薬局におけるWeb担当の業務をGoogleフォームとGASで効率化した事例。,薬局特有の課題に対して、地方中小企業でも導入可能な解決策を提供。,1.手作業による非効率 2.在庫管理の困難 3.顧客情報活用不足 4.売上分析の不足,作業時間：1日2-3時間／在庫精度：70-80%／顧客リピート率：20-30%,従来の手作業による非効率な店舗運営フロー,「作業が大変」「在庫が分からない」「売上が伸びない」,Googleフォーム、Google Apps Script、Googleスプレッドシート、ChatGPT,1.現状分析 2.フォーム設計 3.GAS機能構築 4.テスト実施 5.研修実施,フォーム操作方法、データ入力手順、分析結果確認方法,薬局に特化した機能追加、店舗に合わせた操作性改善,2-3週間（設計・構築・研修含む）,作業時間40-60%削減、在庫精度20-30%向上、売上10-25%向上,1日1-2時間短縮、月間30-60時間の作業時間削減,人件費月3-8万円削減、在庫効率化で月5-15万円改善,顧客満足度向上、リピート率改善、売上向上,スタッフのモチベーション向上、業務効率化意識の向上,店舗に合わせた設計、継続的な改善、データ活用,「作業が楽になった」「売上が見える」とスタッフの満足度向上,機能拡張、システム連携、オンライン化対応,店舗重視の設計、使いやすさ、継続的な改善の重要性,Googleフォーム（入力）、GAS（自動化）、スプレッドシート（管理）、ChatGPT（分析）,POSシステムとの連携、在庫管理システムとのデータ共有,入力→自動処理→分析→改善アクション→結果評価,データ暗号化、アクセス制限、バックアップ、ログ管理,事例のみ,,,,2025-07-08,,,"小売業,薬局,Web担当,業務効率化,GAS"
407,小売業,コンビニエンスストア,商品管理担当,30名,東京都世田谷区,コンビニエンスストアの商品管理担当向け業務効率化事例,GASとGoogleフォーム活用による店舗運営効率化,コンビニエンスストアにおける商品管理担当の業務をGoogleフォームとGASで効率化した事例。,コンビニエンスストア特有の課題に対して、地方中小企業でも導入可能な解決策を提供。,1.手作業による非効率 2.在庫管理の困難 3.顧客情報活用不足 4.売上分析の不足,作業時間：1日2-3時間／在庫精度：70-80%／顧客リピート率：20-30%,従来の手作業による非効率な店舗運営フロー,「作業が大変」「在庫が分からない」「売上が伸びない」,Googleフォーム、Google Apps Script、Googleスプレッドシート、ChatGPT,1.現状分析 2.フォーム設計 3.GAS機能構築 4.テスト実施 5.研修実施,フォーム操作方法、データ入力手順、分析結果確認方法,コンビニエンスストアに特化した機能追加、店舗に合わせた操作性改善,2-3週間（設計・構築・研修含む）,作業時間40-60%削減、在庫精度20-30%向上、売上10-25%向上,1日1-2時間短縮、月間30-60時間の作業時間削減,人件費月3-8万円削減、在庫効率化で月5-15万円改善,顧客満足度向上、リピート率改善、売上向上,スタッフのモチベーション向上、業務効率化意識の向上,店舗に合わせた設計、継続的な改善、データ活用,「作業が楽になった」「売上が見える」とスタッフの満足度向上,機能拡張、システム連携、オンライン化対応,店舗重視の設計、使いやすさ、継続的な改善の重要性,Googleフォーム（入力）、GAS（自動化）、スプレッドシート（管理）、ChatGPT（分析）,POSシステムとの連携、在庫管理システムとのデータ共有,入力→自動処理→分析→改善アクション→結果評価,データ暗号化、アクセス制限、バックアップ、ログ管理,事例のみ,,,,2025-07-08,,,"小売業,コンビニエンスストア,商品管理担当,業務効率化,GAS"
408,小売業,ドラッグストア,接客スタッフ,12名,京都府京都市,ドラッグストアの接客スタッフ向け業務効率化事例,GASとGoogleフォーム活用による店舗運営効率化,ドラッグストアにおける接客スタッフの業務をGoogleフォームとGASで効率化した事例。,ドラッグストア特有の課題に対して、地方中小企業でも導入可能な解決策を提供。,1.手作業による非効率 2.在庫管理の困難 3.顧客情報活用不足 4.売上分析の不足,作業時間：1日2-3時間／在庫精度：70-80%／顧客リピート率：20-30%,従来の手作業による非効率な店舗運営フロー,「作業が大変」「在庫が分からない」「売上が伸びない」,Googleフォーム、Google Apps Script、Googleスプレッドシート、ChatGPT,1.現状分析 2.フォーム設計 3.GAS機能構築 4.テスト実施 5.研修実施,フォーム操作方法、データ入力手順、分析結果確認方法,ドラッグストアに特化した機能追加、店舗に合わせた操作性改善,2-3週間（設計・構築・研修含む）,作業時間40-60%削減、在庫精度20-30%向上、売上10-25%向上,1日1-2時間短縮、月間30-60時間の作業時間削減,人件費月3-8万円削減、在庫効率化で月5-15万円改善,顧客満足度向上、リピート率改善、売上向上,スタッフのモチベーション向上、業務効率化意識の向上,店舗に合わせた設計、継続的な改善、データ活用,「作業が楽になった」「売上が見える」とスタッフの満足度向上,機能拡張、システム連携、オンライン化対応,店舗重視の設計、使いやすさ、継続的な改善の重要性,Googleフォーム（入力）、GAS（自動化）、スプレッドシート（管理）、ChatGPT（分析）,POSシステムとの連携、在庫管理システムとのデータ共有,入力→自動処理→分析→改善アクション→結果評価,データ暗号化、アクセス制限、バックアップ、ログ管理,事例のみ,,,,2025-07-08,,,"小売業,ドラッグストア,接客スタッフ,業務効率化,GAS"
409,小売業,スポーツ用品店,経営者,3名,千葉県船橋市,スポーツ用品店の経営者向け業務効率化事例,GASとGoogleフォーム活用による店舗運営効率化,スポーツ用品店における経営者の業務をGoogleフォームとGASで効率化した事例。,スポーツ用品店特有の課題に対して、地方中小企業でも導入可能な解決策を提供。,1.手作業による非効率 2.在庫管理の困難 3.顧客情報活用不足 4.売上分析の不足,作業時間：1日2-3時間／在庫精度：70-80%／顧客リピート率：20-30%,従来の手作業による非効率な店舗運営フロー,「作業が大変」「在庫が分からない」「売上が伸びない」,Googleフォーム、Google Apps Script、Googleスプレッドシート、ChatGPT,1.現状分析 2.フォーム設計 3.GAS機能構築 4.テスト実施 5.研修実施,フォーム操作方法、データ入力手順、分析結果確認方法,スポーツ用品店に特化した機能追加、店舗に合わせた操作性改善,2-3週間（設計・構築・研修含む）,作業時間40-60%削減、在庫精度20-30%向上、売上10-25%向上,1日1-2時間短縮、月間30-60時間の作業時間削減,人件費月3-8万円削減、在庫効率化で月5-15万円改善,顧客満足度向上、リピート率改善、売上向上,スタッフのモチベーション向上、業務効率化意識の向上,店舗に合わせた設計、継続的な改善、データ活用,「作業が楽になった」「売上が見える」とスタッフの満足度向上,機能拡張、システム連携、オンライン化対応,店舗重視の設計、使いやすさ、継続的な改善の重要性,Googleフォーム（入力）、GAS（自動化）、スプレッドシート（管理）、ChatGPT（分析）,POSシステムとの連携、在庫管理システムとのデータ共有,入力→自動処理→分析→改善アクション→結果評価,データ暗号化、アクセス制限、バックアップ、ログ管理,事例のみ,,,,2025-07-08,,,"小売業,スポーツ用品店,経営者,業務効率化,GAS"
410,小売業,食品小売（スーパー）,接客スタッフ,12名,宮城県仙台市,食品小売（スーパー）の接客スタッフ向け業務効率化事例,GASとGoogleフォーム活用による店舗運営効率化,食品小売（スーパー）における接客スタッフの業務をGoogleフォームとGASで効率化した事例。,食品小売（スーパー）特有の課題に対して、地方中小企業でも導入可能な解決策を提供。,1.手作業による非効率 2.在庫管理の困難 3.顧客情報活用不足 4.売上分析の不足,作業時間：1日2-3時間／在庫精度：70-80%／顧客リピート率：20-30%,従来の手作業による非効率な店舗運営フロー,「作業が大変」「在庫が分からない」「売上が伸びない」,Googleフォーム、Google Apps Script、Googleスプレッドシート、ChatGPT,1.現状分析 2.フォーム設計 3.GAS機能構築 4.テスト実施 5.研修実施,フォーム操作方法、データ入力手順、分析結果確認方法,食品小売（スーパー）に特化した機能追加、店舗に合わせた操作性改善,2-3週間（設計・構築・研修含む）,作業時間40-60%削減、在庫精度20-30%向上、売上10-25%向上,1日1-2時間短縮、月間30-60時間の作業時間削減,人件費月3-8万円削減、在庫効率化で月5-15万円改善,顧客満足度向上、リピート率改善、売上向上,スタッフのモチベーション向上、業務効率化意識の向上,店舗に合わせた設計、継続的な改善、データ活用,「作業が楽になった」「売上が見える」とスタッフの満足度向上,機能拡張、システム連携、オンライン化対応,店舗重視の設計、使いやすさ、継続的な改善の重要性,Googleフォーム（入力）、GAS（自動化）、スプレッドシート（管理）、ChatGPT（分析）,POSシステムとの連携、在庫管理システムとのデータ共有,入力→自動処理→分析→改善アクション→結果評価,データ暗号化、アクセス制限、バックアップ、ログ管理,事例のみ,,,,2025-07-08,,,"小売業,食品小売（スーパー）,接客スタッフ,業務効率化,GAS"
411,小売業,スポーツ用品店,商品管理担当,20名,静岡県静岡市,スポーツ用品店の商品管理担当向け業務効率化事例,GASとGoogleフォーム活用による店舗運営効率化,スポーツ用品店における商品管理担当の業務をGoogleフォームとGASで効率化した事例。,スポーツ用品店特有の課題に対して、地方中小企業でも導入可能な解決策を提供。,1.手作業による非効率 2.在庫管理の困難 3.顧客情報活用不足 4.売上分析の不足,作業時間：1日2-3時間／在庫精度：70-80%／顧客リピート率：20-30%,従来の手作業による非効率な店舗運営フロー,「作業が大変」「在庫が分からない」「売上が伸びない」,Googleフォーム、Google Apps Script、Googleスプレッドシート、ChatGPT,1.現状分析 2.フォーム設計 3.GAS機能構築 4.テスト実施 5.研修実施,フォーム操作方法、データ入力手順、分析結果確認方法,スポーツ用品店に特化した機能追加、店舗に合わせた操作性改善,2-3週間（設計・構築・研修含む）,作業時間40-60%削減、在庫精度20-30%向上、売上10-25%向上,1日1-2時間短縮、月間30-60時間の作業時間削減,人件費月3-8万円削減、在庫効率化で月5-15万円改善,顧客満足度向上、リピート率改善、売上向上,スタッフのモチベーション向上、業務効率化意識の向上,店舗に合わせた設計、継続的な改善、データ活用,「作業が楽になった」「売上が見える」とスタッフの満足度向上,機能拡張、システム連携、オンライン化対応,店舗重視の設計、使いやすさ、継続的な改善の重要性,Googleフォーム（入力）、GAS（自動化）、スプレッドシート（管理）、ChatGPT（分析）,POSシステムとの連携、在庫管理システムとのデータ共有,入力→自動処理→分析→改善アクション→結果評価,データ暗号化、アクセス制限、バックアップ、ログ管理,事例のみ,,,,2025-07-08,,,"小売業,スポーツ用品店,商品管理担当,業務効率化,GAS"
412,小売業,スポーツ用品店,在庫管理担当,3名,東京都世田谷区,スポーツ用品店の在庫管理担当向け業務効率化事例,GASとGoogleフォーム活用による店舗運営効率化,スポーツ用品店における在庫管理担当の業務をGoogleフォームとGASで効率化した事例。,スポーツ用品店特有の課題に対して、地方中小企業でも導入可能な解決策を提供。,1.手作業による非効率 2.在庫管理の困難 3.顧客情報活用不足 4.売上分析の不足,作業時間：1日2-3時間／在庫精度：70-80%／顧客リピート率：20-30%,従来の手作業による非効率な店舗運営フロー,「作業が大変」「在庫が分からない」「売上が伸びない」,Googleフォーム、Google Apps Script、Googleスプレッドシート、ChatGPT,1.現状分析 2.フォーム設計 3.GAS機能構築 4.テスト実施 5.研修実施,フォーム操作方法、データ入力手順、分析結果確認方法,スポーツ用品店に特化した機能追加、店舗に合わせた操作性改善,2-3週間（設計・構築・研修含む）,作業時間40-60%削減、在庫精度20-30%向上、売上10-25%向上,1日1-2時間短縮、月間30-60時間の作業時間削減,人件費月3-8万円削減、在庫効率化で月5-15万円改善,顧客満足度向上、リピート率改善、売上向上,スタッフのモチベーション向上、業務効率化意識の向上,店舗に合わせた設計、継続的な改善、データ活用,「作業が楽になった」「売上が見える」とスタッフの満足度向上,機能拡張、システム連携、オンライン化対応,店舗重視の設計、使いやすさ、継続的な改善の重要性,Googleフォーム（入力）、GAS（自動化）、スプレッドシート（管理）、ChatGPT（分析）,POSシステムとの連携、在庫管理システムとのデータ共有,入力→自動処理→分析→改善アクション→結果評価,データ暗号化、アクセス制限、バックアップ、ログ管理,事例のみ,,,,2025-07-08,,,"小売業,スポーツ用品店,在庫管理担当,業務効率化,GAS"
413,小売業,家電量販店,商品管理担当,25名,大阪府大阪市,家電量販店の商品管理担当向け業務効率化事例,GASとGoogleフォーム活用による店舗運営効率化,家電量販店における商品管理担当の業務をGoogleフォームとGASで効率化した事例。,家電量販店特有の課題に対して、地方中小企業でも導入可能な解決策を提供。,1.手作業による非効率 2.在庫管理の困難 3.顧客情報活用不足 4.売上分析の不足,作業時間：1日2-3時間／在庫精度：70-80%／顧客リピート率：20-30%,従来の手作業による非効率な店舗運営フロー,「作業が大変」「在庫が分からない」「売上が伸びない」,Googleフォーム、Google Apps Script、Googleスプレッドシート、ChatGPT,1.現状分析 2.フォーム設計 3.GAS機能構築 4.テスト実施 5.研修実施,フォーム操作方法、データ入力手順、分析結果確認方法,家電量販店に特化した機能追加、店舗に合わせた操作性改善,2-3週間（設計・構築・研修含む）,作業時間40-60%削減、在庫精度20-30%向上、売上10-25%向上,1日1-2時間短縮、月間30-60時間の作業時間削減,人件費月3-8万円削減、在庫効率化で月5-15万円改善,顧客満足度向上、リピート率改善、売上向上,スタッフのモチベーション向上、業務効率化意識の向上,店舗に合わせた設計、継続的な改善、データ活用,「作業が楽になった」「売上が見える」とスタッフの満足度向上,機能拡張、システム連携、オンライン化対応,店舗重視の設計、使いやすさ、継続的な改善の重要性,Googleフォーム（入力）、GAS（自動化）、スプレッドシート（管理）、ChatGPT（分析）,POSシステムとの連携、在庫管理システムとのデータ共有,入力→自動処理→分析→改善アクション→結果評価,データ暗号化、アクセス制限、バックアップ、ログ管理,事例のみ,,,,2025-07-08,,,"小売業,家電量販店,商品管理担当,業務効率化,GAS"
414,小売業,食品小売（青果店）,バイヤー,28名,岡山県岡山市,食品小売（青果店）のバイヤー向け業務効率化事例,GASとGoogleフォーム活用による店舗運営効率化,食品小売（青果店）におけるバイヤーの業務をGoogleフォームとGASで効率化した事例。,食品小売（青果店）特有の課題に対して、地方中小企業でも導入可能な解決策を提供。,1.手作業による非効率 2.在庫管理の困難 3.顧客情報活用不足 4.売上分析の不足,作業時間：1日2-3時間／在庫精度：70-80%／顧客リピート率：20-30%,従来の手作業による非効率な店舗運営フロー,「作業が大変」「在庫が分からない」「売上が伸びない」,Googleフォーム、Google Apps Script、Googleスプレッドシート、ChatGPT,1.現状分析 2.フォーム設計 3.GAS機能構築 4.テスト実施 5.研修実施,フォーム操作方法、データ入力手順、分析結果確認方法,食品小売（青果店）に特化した機能追加、店舗に合わせた操作性改善,2-3週間（設計・構築・研修含む）,作業時間40-60%削減、在庫精度20-30%向上、売上10-25%向上,1日1-2時間短縮、月間30-60時間の作業時間削減,人件費月3-8万円削減、在庫効率化で月5-15万円改善,顧客満足度向上、リピート率改善、売上向上,スタッフのモチベーション向上、業務効率化意識の向上,店舗に合わせた設計、継続的な改善、データ活用,「作業が楽になった」「売上が見える」とスタッフの満足度向上,機能拡張、システム連携、オンライン化対応,店舗重視の設計、使いやすさ、継続的な改善の重要性,Googleフォーム（入力）、GAS（自動化）、スプレッドシート（管理）、ChatGPT（分析）,POSシステムとの連携、在庫管理システムとのデータ共有,入力→自動処理→分析→改善アクション→結果評価,データ暗号化、アクセス制限、バックアップ、ログ管理,事例のみ,,,,2025-07-08,,,"小売業,食品小売（青果店）,バイヤー,業務効率化,GAS"
415,小売業,家電量販店,商品管理担当,30名,京都府京都市,家電量販店の商品管理担当向け業務効率化事例,GASとGoogleフォーム活用による店舗運営効率化,家電量販店における商品管理担当の業務をGoogleフォームとGASで効率化した事例。,家電量販店特有の課題に対して、地方中小企業でも導入可能な解決策を提供。,1.手作業による非効率 2.在庫管理の困難 3.顧客情報活用不足 4.売上分析の不足,作業時間：1日2-3時間／在庫精度：70-80%／顧客リピート率：20-30%,従来の手作業による非効率な店舗運営フロー,「作業が大変」「在庫が分からない」「売上が伸びない」,Googleフォーム、Google Apps Script、Googleスプレッドシート、ChatGPT,1.現状分析 2.フォーム設計 3.GAS機能構築 4.テスト実施 5.研修実施,フォーム操作方法、データ入力手順、分析結果確認方法,家電量販店に特化した機能追加、店舗に合わせた操作性改善,2-3週間（設計・構築・研修含む）,作業時間40-60%削減、在庫精度20-30%向上、売上10-25%向上,1日1-2時間短縮、月間30-60時間の作業時間削減,人件費月3-8万円削減、在庫効率化で月5-15万円改善,顧客満足度向上、リピート率改善、売上向上,スタッフのモチベーション向上、業務効率化意識の向上,店舗に合わせた設計、継続的な改善、データ活用,「作業が楽になった」「売上が見える」とスタッフの満足度向上,機能拡張、システム連携、オンライン化対応,店舗重視の設計、使いやすさ、継続的な改善の重要性,Googleフォーム（入力）、GAS（自動化）、スプレッドシート（管理）、ChatGPT（分析）,POSシステムとの連携、在庫管理システムとのデータ共有,入力→自動処理→分析→改善アクション→結果評価,データ暗号化、アクセス制限、バックアップ、ログ管理,事例のみ,,,,2025-07-08,,,"小売業,家電量販店,商品管理担当,業務効率化,GAS"
416,小売業,通信販売・EC,商品管理担当,45名,神奈川県横浜市,通信販売・ECの商品管理担当向け業務効率化事例,GASとGoogleフォーム活用による店舗運営効率化,通信販売・ECにおける商品管理担当の業務をGoogleフォームとGASで効率化した事例。,通信販売・EC特有の課題に対して、地方中小企業でも導入可能な解決策を提供。,1.手作業による非効率 2.在庫管理の困難 3.顧客情報活用不足 4.売上分析の不足,作業時間：1日2-3時間／在庫精度：70-80%／顧客リピート率：20-30%,従来の手作業による非効率な店舗運営フロー,「作業が大変」「在庫が分からない」「売上が伸びない」,Googleフォーム、Google Apps Script、Googleスプレッドシート、ChatGPT,1.現状分析 2.フォーム設計 3.GAS機能構築 4.テスト実施 5.研修実施,フォーム操作方法、データ入力手順、分析結果確認方法,通信販売・ECに特化した機能追加、店舗に合わせた操作性改善,2-3週間（設計・構築・研修含む）,作業時間40-60%削減、在庫精度20-30%向上、売上10-25%向上,1日1-2時間短縮、月間30-60時間の作業時間削減,人件費月3-8万円削減、在庫効率化で月5-15万円改善,顧客満足度向上、リピート率改善、売上向上,スタッフのモチベーション向上、業務効率化意識の向上,店舗に合わせた設計、継続的な改善、データ活用,「作業が楽になった」「売上が見える」とスタッフの満足度向上,機能拡張、システム連携、オンライン化対応,店舗重視の設計、使いやすさ、継続的な改善の重要性,Googleフォーム（入力）、GAS（自動化）、スプレッドシート（管理）、ChatGPT（分析）,POSシステムとの連携、在庫管理システムとのデータ共有,入力→自動処理→分析→改善アクション→結果評価,データ暗号化、アクセス制限、バックアップ、ログ管理,事例のみ,,,,2025-07-08,,,"小売業,通信販売・EC,商品管理担当,業務効率化,GAS"
417,小売業,薬局,店主,50名,神奈川県横浜市,薬局の店主向け業務効率化事例,GASとGoogleフォーム活用による店舗運営効率化,薬局における店主の業務をGoogleフォームとGASで効率化した事例。,薬局特有の課題に対して、地方中小企業でも導入可能な解決策を提供。,1.手作業による非効率 2.在庫管理の困難 3.顧客情報活用不足 4.売上分析の不足,作業時間：1日2-3時間／在庫精度：70-80%／顧客リピート率：20-30%,従来の手作業による非効率な店舗運営フロー,「作業が大変」「在庫が分からない」「売上が伸びない」,Googleフォーム、Google Apps Script、Googleスプレッドシート、ChatGPT,1.現状分析 2.フォーム設計 3.GAS機能構築 4.テスト実施 5.研修実施,フォーム操作方法、データ入力手順、分析結果確認方法,薬局に特化した機能追加、店舗に合わせた操作性改善,2-3週間（設計・構築・研修含む）,作業時間40-60%削減、在庫精度20-30%向上、売上10-25%向上,1日1-2時間短縮、月間30-60時間の作業時間削減,人件費月3-8万円削減、在庫効率化で月5-15万円改善,顧客満足度向上、リピート率改善、売上向上,スタッフのモチベーション向上、業務効率化意識の向上,店舗に合わせた設計、継続的な改善、データ活用,「作業が楽になった」「売上が見える」とスタッフの満足度向上,機能拡張、システム連携、オンライン化対応,店舗重視の設計、使いやすさ、継続的な改善の重要性,Googleフォーム（入力）、GAS（自動化）、スプレッドシート（管理）、ChatGPT（分析）,POSシステムとの連携、在庫管理システムとのデータ共有,入力→自動処理→分析→改善アクション→結果評価,データ暗号化、アクセス制限、バックアップ、ログ管理,事例のみ,,,,2025-07-08,,,"小売業,薬局,店主,業務効率化,GAS"
418,小売業,花屋,商品管理担当,35名,静岡県静岡市,花屋の商品管理担当向け業務効率化事例,GASとGoogleフォーム活用による店舗運営効率化,花屋における商品管理担当の業務をGoogleフォームとGASで効率化した事例。,花屋特有の課題に対して、地方中小企業でも導入可能な解決策を提供。,1.手作業による非効率 2.在庫管理の困難 3.顧客情報活用不足 4.売上分析の不足,作業時間：1日2-3時間／在庫精度：70-80%／顧客リピート率：20-30%,従来の手作業による非効率な店舗運営フロー,「作業が大変」「在庫が分からない」「売上が伸びない」,Googleフォーム、Google Apps Script、Googleスプレッドシート、ChatGPT,1.現状分析 2.フォーム設計 3.GAS機能構築 4.テスト実施 5.研修実施,フォーム操作方法、データ入力手順、分析結果確認方法,花屋に特化した機能追加、店舗に合わせた操作性改善,2-3週間（設計・構築・研修含む）,作業時間40-60%削減、在庫精度20-30%向上、売上10-25%向上,1日1-2時間短縮、月間30-60時間の作業時間削減,人件費月3-8万円削減、在庫効率化で月5-15万円改善,顧客満足度向上、リピート率改善、売上向上,スタッフのモチベーション向上、業務効率化意識の向上,店舗に合わせた設計、継続的な改善、データ活用,「作業が楽になった」「売上が見える」とスタッフの満足度向上,機能拡張、システム連携、オンライン化対応,店舗重視の設計、使いやすさ、継続的な改善の重要性,Googleフォーム（入力）、GAS（自動化）、スプレッドシート（管理）、ChatGPT（分析）,POSシステムとの連携、在庫管理システムとのデータ共有,入力→自動処理→分析→改善アクション→結果評価,データ暗号化、アクセス制限、バックアップ、ログ管理,事例のみ,,,,2025-07-08,,,"小売業,花屋,商品管理担当,業務効率化,GAS"
419,小売業,書店,在庫管理担当,18名,福岡県福岡市,書店の在庫管理担当向け業務効率化事例,GASとGoogleフォーム活用による店舗運営効率化,書店における在庫管理担当の業務をGoogleフォームとGASで効率化した事例。,書店特有の課題に対して、地方中小企業でも導入可能な解決策を提供。,1.手作業による非効率 2.在庫管理の困難 3.顧客情報活用不足 4.売上分析の不足,作業時間：1日2-3時間／在庫精度：70-80%／顧客リピート率：20-30%,従来の手作業による非効率な店舗運営フロー,「作業が大変」「在庫が分からない」「売上が伸びない」,Googleフォーム、Google Apps Script、Googleスプレッドシート、ChatGPT,1.現状分析 2.フォーム設計 3.GAS機能構築 4.テスト実施 5.研修実施,フォーム操作方法、データ入力手順、分析結果確認方法,書店に特化した機能追加、店舗に合わせた操作性改善,2-3週間（設計・構築・研修含む）,作業時間40-60%削減、在庫精度20-30%向上、売上10-25%向上,1日1-2時間短縮、月間30-60時間の作業時間削減,人件費月3-8万円削減、在庫効率化で月5-15万円改善,顧客満足度向上、リピート率改善、売上向上,スタッフのモチベーション向上、業務効率化意識の向上,店舗に合わせた設計、継続的な改善、データ活用,「作業が楽になった」「売上が見える」とスタッフの満足度向上,機能拡張、システム連携、オンライン化対応,店舗重視の設計、使いやすさ、継続的な改善の重要性,Googleフォーム（入力）、GAS（自動化）、スプレッドシート（管理）、ChatGPT（分析）,POSシステムとの連携、在庫管理システムとのデータ共有,入力→自動処理→分析→改善アクション→結果評価,データ暗号化、アクセス制限、バックアップ、ログ管理,事例のみ,,,,2025-07-08,,,"小売業,書店,在庫管理担当,業務効率化,GAS"
420,小売業,食品小売（スーパー）,店主,8名,東京都世田谷区,食品小売（スーパー）の店主向け業務効率化事例,GASとGoogleフォーム活用による店舗運営効率化,食品小売（スーパー）における店主の業務をGoogleフォームとGASで効率化した事例。,食品小売（スーパー）特有の課題に対して、地方中小企業でも導入可能な解決策を提供。,1.手作業による非効率 2.在庫管理の困難 3.顧客情報活用不足 4.売上分析の不足,作業時間：1日2-3時間／在庫精度：70-80%／顧客リピート率：20-30%,従来の手作業による非効率な店舗運営フロー,「作業が大変」「在庫が分からない」「売上が伸びない」,Googleフォーム、Google Apps Script、Googleスプレッドシート、ChatGPT,1.現状分析 2.フォーム設計 3.GAS機能構築 4.テスト実施 5.研修実施,フォーム操作方法、データ入力手順、分析結果確認方法,食品小売（スーパー）に特化した機能追加、店舗に合わせた操作性改善,2-3週間（設計・構築・研修含む）,作業時間40-60%削減、在庫精度20-30%向上、売上10-25%向上,1日1-2時間短縮、月間30-60時間の作業時間削減,人件費月3-8万円削減、在庫効率化で月5-15万円改善,顧客満足度向上、リピート率改善、売上向上,スタッフのモチベーション向上、業務効率化意識の向上,店舗に合わせた設計、継続的な改善、データ活用,「作業が楽になった」「売上が見える」とスタッフの満足度向上,機能拡張、システム連携、オンライン化対応,店舗重視の設計、使いやすさ、継続的な改善の重要性,Googleフォーム（入力）、GAS（自動化）、スプレッドシート（管理）、ChatGPT（分析）,POSシステムとの連携、在庫管理システムとのデータ共有,入力→自動処理→分析→改善アクション→結果評価,データ暗号化、アクセス制限、バックアップ、ログ管理,事例のみ,,,,2025-07-08,,,"小売業,食品小売（スーパー）,店主,業務効率化,GAS"
421,小売業,コンビニエンスストア,事務担当,18名,京都府京都市,コンビニエンスストアの事務担当向け業務効率化事例,GASとGoogleフォーム活用による店舗運営効率化,コンビニエンスストアにおける事務担当の業務をGoogleフォームとGASで効率化した事例。,コンビニエンスストア特有の課題に対して、地方中小企業でも導入可能な解決策を提供。,1.手作業による非効率 2.在庫管理の困難 3.顧客情報活用不足 4.売上分析の不足,作業時間：1日2-3時間／在庫精度：70-80%／顧客リピート率：20-30%,従来の手作業による非効率な店舗運営フロー,「作業が大変」「在庫が分からない」「売上が伸びない」,Googleフォーム、Google Apps Script、Googleスプレッドシート、ChatGPT,1.現状分析 2.フォーム設計 3.GAS機能構築 4.テスト実施 5.研修実施,フォーム操作方法、データ入力手順、分析結果確認方法,コンビニエンスストアに特化した機能追加、店舗に合わせた操作性改善,2-3週間（設計・構築・研修含む）,作業時間40-60%削減、在庫精度20-30%向上、売上10-25%向上,1日1-2時間短縮、月間30-60時間の作業時間削減,人件費月3-8万円削減、在庫効率化で月5-15万円改善,顧客満足度向上、リピート率改善、売上向上,スタッフのモチベーション向上、業務効率化意識の向上,店舗に合わせた設計、継続的な改善、データ活用,「作業が楽になった」「売上が見える」とスタッフの満足度向上,機能拡張、システム連携、オンライン化対応,店舗重視の設計、使いやすさ、継続的な改善の重要性,Googleフォーム（入力）、GAS（自動化）、スプレッドシート（管理）、ChatGPT（分析）,POSシステムとの連携、在庫管理システムとのデータ共有,入力→自動処理→分析→改善アクション→結果評価,データ暗号化、アクセス制限、バックアップ、ログ管理,事例のみ,,,,2025-07-08,,,"小売業,コンビニエンスストア,事務担当,業務効率化,GAS"
422,小売業,書店,Web担当,30名,大阪府大阪市,書店のWeb担当向け業務効率化事例,GASとGoogleフォーム活用による店舗運営効率化,書店におけるWeb担当の業務をGoogleフォームとGASで効率化した事例。,書店特有の課題に対して、地方中小企業でも導入可能な解決策を提供。,1.手作業による非効率 2.在庫管理の困難 3.顧客情報活用不足 4.売上分析の不足,作業時間：1日2-3時間／在庫精度：70-80%／顧客リピート率：20-30%,従来の手作業による非効率な店舗運営フロー,「作業が大変」「在庫が分からない」「売上が伸びない」,Googleフォーム、Google Apps Script、Googleスプレッドシート、ChatGPT,1.現状分析 2.フォーム設計 3.GAS機能構築 4.テスト実施 5.研修実施,フォーム操作方法、データ入力手順、分析結果確認方法,書店に特化した機能追加、店舗に合わせた操作性改善,2-3週間（設計・構築・研修含む）,作業時間40-60%削減、在庫精度20-30%向上、売上10-25%向上,1日1-2時間短縮、月間30-60時間の作業時間削減,人件費月3-8万円削減、在庫効率化で月5-15万円改善,顧客満足度向上、リピート率改善、売上向上,スタッフのモチベーション向上、業務効率化意識の向上,店舗に合わせた設計、継続的な改善、データ活用,「作業が楽になった」「売上が見える」とスタッフの満足度向上,機能拡張、システム連携、オンライン化対応,店舗重視の設計、使いやすさ、継続的な改善の重要性,Googleフォーム（入力）、GAS（自動化）、スプレッドシート（管理）、ChatGPT（分析）,POSシステムとの連携、在庫管理システムとのデータ共有,入力→自動処理→分析→改善アクション→結果評価,データ暗号化、アクセス制限、バックアップ、ログ管理,事例のみ,,,,2025-07-08,,,"小売業,書店,Web担当,業務効率化,GAS"
423,小売業,コンビニエンスストア,在庫管理担当,8名,静岡県静岡市,コンビニエンスストアの在庫管理担当向け業務効率化事例,GASとGoogleフォーム活用による店舗運営効率化,コンビニエンスストアにおける在庫管理担当の業務をGoogleフォームとGASで効率化した事例。,コンビニエンスストア特有の課題に対して、地方中小企業でも導入可能な解決策を提供。,1.手作業による非効率 2.在庫管理の困難 3.顧客情報活用不足 4.売上分析の不足,作業時間：1日2-3時間／在庫精度：70-80%／顧客リピート率：20-30%,従来の手作業による非効率な店舗運営フロー,「作業が大変」「在庫が分からない」「売上が伸びない」,Googleフォーム、Google Apps Script、Googleスプレッドシート、ChatGPT,1.現状分析 2.フォーム設計 3.GAS機能構築 4.テスト実施 5.研修実施,フォーム操作方法、データ入力手順、分析結果確認方法,コンビニエンスストアに特化した機能追加、店舗に合わせた操作性改善,2-3週間（設計・構築・研修含む）,作業時間40-60%削減、在庫精度20-30%向上、売上10-25%向上,1日1-2時間短縮、月間30-60時間の作業時間削減,人件費月3-8万円削減、在庫効率化で月5-15万円改善,顧客満足度向上、リピート率改善、売上向上,スタッフのモチベーション向上、業務効率化意識の向上,店舗に合わせた設計、継続的な改善、データ活用,「作業が楽になった」「売上が見える」とスタッフの満足度向上,機能拡張、システム連携、オンライン化対応,店舗重視の設計、使いやすさ、継続的な改善の重要性,Googleフォーム（入力）、GAS（自動化）、スプレッドシート（管理）、ChatGPT（分析）,POSシステムとの連携、在庫管理システムとのデータ共有,入力→自動処理→分析→改善アクション→結果評価,データ暗号化、アクセス制限、バックアップ、ログ管理,事例のみ,,,,2025-07-08,,,"小売業,コンビニエンスストア,在庫管理担当,業務効率化,GAS"
424,小売業,食品小売（精肉店）,事務担当,25名,東京都世田谷区,食品小売（精肉店）の事務担当向け業務効率化事例,GASとGoogleフォーム活用による店舗運営効率化,食品小売（精肉店）における事務担当の業務をGoogleフォームとGASで効率化した事例。,食品小売（精肉店）特有の課題に対して、地方中小企業でも導入可能な解決策を提供。,1.手作業による非効率 2.在庫管理の困難 3.顧客情報活用不足 4.売上分析の不足,作業時間：1日2-3時間／在庫精度：70-80%／顧客リピート率：20-30%,従来の手作業による非効率な店舗運営フロー,「作業が大変」「在庫が分からない」「売上が伸びない」,Googleフォーム、Google Apps Script、Googleスプレッドシート、ChatGPT,1.現状分析 2.フォーム設計 3.GAS機能構築 4.テスト実施 5.研修実施,フォーム操作方法、データ入力手順、分析結果確認方法,食品小売（精肉店）に特化した機能追加、店舗に合わせた操作性改善,2-3週間（設計・構築・研修含む）,作業時間40-60%削減、在庫精度20-30%向上、売上10-25%向上,1日1-2時間短縮、月間30-60時間の作業時間削減,人件費月3-8万円削減、在庫効率化で月5-15万円改善,顧客満足度向上、リピート率改善、売上向上,スタッフのモチベーション向上、業務効率化意識の向上,店舗に合わせた設計、継続的な改善、データ活用,「作業が楽になった」「売上が見える」とスタッフの満足度向上,機能拡張、システム連携、オンライン化対応,店舗重視の設計、使いやすさ、継続的な改善の重要性,Googleフォーム（入力）、GAS（自動化）、スプレッドシート（管理）、ChatGPT（分析）,POSシステムとの連携、在庫管理システムとのデータ共有,入力→自動処理→分析→改善アクション→結果評価,データ暗号化、アクセス制限、バックアップ、ログ管理,事例のみ,,,,2025-07-08,,,"小売業,食品小売（精肉店）,事務担当,業務効率化,GAS"
425,小売業,百貨店,店主,28名,京都府京都市,百貨店の店主向け業務効率化事例,GASとGoogleフォーム活用による店舗運営効率化,百貨店における店主の業務をGoogleフォームとGASで効率化した事例。,百貨店特有の課題に対して、地方中小企業でも導入可能な解決策を提供。,1.手作業による非効率 2.在庫管理の困難 3.顧客情報活用不足 4.売上分析の不足,作業時間：1日2-3時間／在庫精度：70-80%／顧客リピート率：20-30%,従来の手作業による非効率な店舗運営フロー,「作業が大変」「在庫が分からない」「売上が伸びない」,Googleフォーム、Google Apps Script、Googleスプレッドシート、ChatGPT,1.現状分析 2.フォーム設計 3.GAS機能構築 4.テスト実施 5.研修実施,フォーム操作方法、データ入力手順、分析結果確認方法,百貨店に特化した機能追加、店舗に合わせた操作性改善,2-3週間（設計・構築・研修含む）,作業時間40-60%削減、在庫精度20-30%向上、売上10-25%向上,1日1-2時間短縮、月間30-60時間の作業時間削減,人件費月3-8万円削減、在庫効率化で月5-15万円改善,顧客満足度向上、リピート率改善、売上向上,スタッフのモチベーション向上、業務効率化意識の向上,店舗に合わせた設計、継続的な改善、データ活用,「作業が楽になった」「売上が見える」とスタッフの満足度向上,機能拡張、システム連携、オンライン化対応,店舗重視の設計、使いやすさ、継続的な改善の重要性,Googleフォーム（入力）、GAS（自動化）、スプレッドシート（管理）、ChatGPT（分析）,POSシステムとの連携、在庫管理システムとのデータ共有,入力→自動処理→分析→改善アクション→結果評価,データ暗号化、アクセス制限、バックアップ、ログ管理,事例のみ,,,,2025-07-08,,,"小売業,百貨店,店主,業務効率化,GAS"
426,小売業,コンビニエンスストア,バイヤー,45名,福岡県福岡市,コンビニエンスストアのバイヤー向け業務効率化事例,GASとGoogleフォーム活用による店舗運営効率化,コンビニエンスストアにおけるバイヤーの業務をGoogleフォームとGASで効率化した事例。,コンビニエンスストア特有の課題に対して、地方中小企業でも導入可能な解決策を提供。,1.手作業による非効率 2.在庫管理の困難 3.顧客情報活用不足 4.売上分析の不足,作業時間：1日2-3時間／在庫精度：70-80%／顧客リピート率：20-30%,従来の手作業による非効率な店舗運営フロー,「作業が大変」「在庫が分からない」「売上が伸びない」,Googleフォーム、Google Apps Script、Googleスプレッドシート、ChatGPT,1.現状分析 2.フォーム設計 3.GAS機能構築 4.テスト実施 5.研修実施,フォーム操作方法、データ入力手順、分析結果確認方法,コンビニエンスストアに特化した機能追加、店舗に合わせた操作性改善,2-3週間（設計・構築・研修含む）,作業時間40-60%削減、在庫精度20-30%向上、売上10-25%向上,1日1-2時間短縮、月間30-60時間の作業時間削減,人件費月3-8万円削減、在庫効率化で月5-15万円改善,顧客満足度向上、リピート率改善、売上向上,スタッフのモチベーション向上、業務効率化意識の向上,店舗に合わせた設計、継続的な改善、データ活用,「作業が楽になった」「売上が見える」とスタッフの満足度向上,機能拡張、システム連携、オンライン化対応,店舗重視の設計、使いやすさ、継続的な改善の重要性,Googleフォーム（入力）、GAS（自動化）、スプレッドシート（管理）、ChatGPT（分析）,POSシステムとの連携、在庫管理システムとのデータ共有,入力→自動処理→分析→改善アクション→結果評価,データ暗号化、アクセス制限、バックアップ、ログ管理,事例のみ,,,,2025-07-08,,,"小売業,コンビニエンスストア,バイヤー,業務効率化,GAS"
427,小売業,ホームセンター,商品管理担当,18名,埼玉県さいたま市,ホームセンターの商品管理担当向け業務効率化事例,GASとGoogleフォーム活用による店舗運営効率化,ホームセンターにおける商品管理担当の業務をGoogleフォームとGASで効率化した事例。,ホームセンター特有の課題に対して、地方中小企業でも導入可能な解決策を提供。,1.手作業による非効率 2.在庫管理の困難 3.顧客情報活用不足 4.売上分析の不足,作業時間：1日2-3時間／在庫精度：70-80%／顧客リピート率：20-30%,従来の手作業による非効率な店舗運営フロー,「作業が大変」「在庫が分からない」「売上が伸びない」,Googleフォーム、Google Apps Script、Googleスプレッドシート、ChatGPT,1.現状分析 2.フォーム設計 3.GAS機能構築 4.テスト実施 5.研修実施,フォーム操作方法、データ入力手順、分析結果確認方法,ホームセンターに特化した機能追加、店舗に合わせた操作性改善,2-3週間（設計・構築・研修含む）,作業時間40-60%削減、在庫精度20-30%向上、売上10-25%向上,1日1-2時間短縮、月間30-60時間の作業時間削減,人件費月3-8万円削減、在庫効率化で月5-15万円改善,顧客満足度向上、リピート率改善、売上向上,スタッフのモチベーション向上、業務効率化意識の向上,店舗に合わせた設計、継続的な改善、データ活用,「作業が楽になった」「売上が見える」とスタッフの満足度向上,機能拡張、システム連携、オンライン化対応,店舗重視の設計、使いやすさ、継続的な改善の重要性,Googleフォーム（入力）、GAS（自動化）、スプレッドシート（管理）、ChatGPT（分析）,POSシステムとの連携、在庫管理システムとのデータ共有,入力→自動処理→分析→改善アクション→結果評価,データ暗号化、アクセス制限、バックアップ、ログ管理,事例のみ,,,,2025-07-08,,,"小売業,ホームセンター,商品管理担当,業務効率化,GAS"
428,小売業,食品小売（青果店）,バイヤー,30名,静岡県静岡市,食品小売（青果店）のバイヤー向け業務効率化事例,GASとGoogleフォーム活用による店舗運営効率化,食品小売（青果店）におけるバイヤーの業務をGoogleフォームとGASで効率化した事例。,食品小売（青果店）特有の課題に対して、地方中小企業でも導入可能な解決策を提供。,1.手作業による非効率 2.在庫管理の困難 3.顧客情報活用不足 4.売上分析の不足,作業時間：1日2-3時間／在庫精度：70-80%／顧客リピート率：20-30%,従来の手作業による非効率な店舗運営フロー,「作業が大変」「在庫が分からない」「売上が伸びない」,Googleフォーム、Google Apps Script、Googleスプレッドシート、ChatGPT,1.現状分析 2.フォーム設計 3.GAS機能構築 4.テスト実施 5.研修実施,フォーム操作方法、データ入力手順、分析結果確認方法,食品小売（青果店）に特化した機能追加、店舗に合わせた操作性改善,2-3週間（設計・構築・研修含む）,作業時間40-60%削減、在庫精度20-30%向上、売上10-25%向上,1日1-2時間短縮、月間30-60時間の作業時間削減,人件費月3-8万円削減、在庫効率化で月5-15万円改善,顧客満足度向上、リピート率改善、売上向上,スタッフのモチベーション向上、業務効率化意識の向上,店舗に合わせた設計、継続的な改善、データ活用,「作業が楽になった」「売上が見える」とスタッフの満足度向上,機能拡張、システム連携、オンライン化対応,店舗重視の設計、使いやすさ、継続的な改善の重要性,Googleフォーム（入力）、GAS（自動化）、スプレッドシート（管理）、ChatGPT（分析）,POSシステムとの連携、在庫管理システムとのデータ共有,入力→自動処理→分析→改善アクション→結果評価,データ暗号化、アクセス制限、バックアップ、ログ管理,事例のみ,,,,2025-07-08,,,"小売業,食品小売（青果店）,バイヤー,業務効率化,GAS"
429,小売業,家電量販店,接客スタッフ,18名,京都府京都市,家電量販店の接客スタッフ向け業務効率化事例,GASとGoogleフォーム活用による店舗運営効率化,家電量販店における接客スタッフの業務をGoogleフォームとGASで効率化した事例。,家電量販店特有の課題に対して、地方中小企業でも導入可能な解決策を提供。,1.手作業による非効率 2.在庫管理の困難 3.顧客情報活用不足 4.売上分析の不足,作業時間：1日2-3時間／在庫精度：70-80%／顧客リピート率：20-30%,従来の手作業による非効率な店舗運営フロー,「作業が大変」「在庫が分からない」「売上が伸びない」,Googleフォーム、Google Apps Script、Googleスプレッドシート、ChatGPT,1.現状分析 2.フォーム設計 3.GAS機能構築 4.テスト実施 5.研修実施,フォーム操作方法、データ入力手順、分析結果確認方法,家電量販店に特化した機能追加、店舗に合わせた操作性改善,2-3週間（設計・構築・研修含む）,作業時間40-60%削減、在庫精度20-30%向上、売上10-25%向上,1日1-2時間短縮、月間30-60時間の作業時間削減,人件費月3-8万円削減、在庫効率化で月5-15万円改善,顧客満足度向上、リピート率改善、売上向上,スタッフのモチベーション向上、業務効率化意識の向上,店舗に合わせた設計、継続的な改善、データ活用,「作業が楽になった」「売上が見える」とスタッフの満足度向上,機能拡張、システム連携、オンライン化対応,店舗重視の設計、使いやすさ、継続的な改善の重要性,Googleフォーム（入力）、GAS（自動化）、スプレッドシート（管理）、ChatGPT（分析）,POSシステムとの連携、在庫管理システムとのデータ共有,入力→自動処理→分析→改善アクション→結果評価,データ暗号化、アクセス制限、バックアップ、ログ管理,事例のみ,,,,2025-07-08,,,"小売業,家電量販店,接客スタッフ,業務効率化,GAS"
430,小売業,花屋,レジスタッフ,18名,千葉県船橋市,花屋のレジスタッフ向け業務効率化事例,GASとGoogleフォーム活用による店舗運営効率化,花屋におけるレジスタッフの業務をGoogleフォームとGASで効率化した事例。,花屋特有の課題に対して、地方中小企業でも導入可能な解決策を提供。,1.手作業による非効率 2.在庫管理の困難 3.顧客情報活用不足 4.売上分析の不足,作業時間：1日2-3時間／在庫精度：70-80%／顧客リピート率：20-30%,従来の手作業による非効率な店舗運営フロー,「作業が大変」「在庫が分からない」「売上が伸びない」,Googleフォーム、Google Apps Script、Googleスプレッドシート、ChatGPT,1.現状分析 2.フォーム設計 3.GAS機能構築 4.テスト実施 5.研修実施,フォーム操作方法、データ入力手順、分析結果確認方法,花屋に特化した機能追加、店舗に合わせた操作性改善,2-3週間（設計・構築・研修含む）,作業時間40-60%削減、在庫精度20-30%向上、売上10-25%向上,1日1-2時間短縮、月間30-60時間の作業時間削減,人件費月3-8万円削減、在庫効率化で月5-15万円改善,顧客満足度向上、リピート率改善、売上向上,スタッフのモチベーション向上、業務効率化意識の向上,店舗に合わせた設計、継続的な改善、データ活用,「作業が楽になった」「売上が見える」とスタッフの満足度向上,機能拡張、システム連携、オンライン化対応,店舗重視の設計、使いやすさ、継続的な改善の重要性,Googleフォーム（入力）、GAS（自動化）、スプレッドシート（管理）、ChatGPT（分析）,POSシステムとの連携、在庫管理システムとのデータ共有,入力→自動処理→分析→改善アクション→結果評価,データ暗号化、アクセス制限、バックアップ、ログ管理,事例のみ,,,,2025-07-08,,,"小売業,花屋,レジスタッフ,業務効率化,GAS"
431,小売業,食品小売（スーパー）,接客スタッフ,35名,埼玉県さいたま市,食品小売（スーパー）の接客スタッフ向け業務効率化事例,GASとGoogleフォーム活用による店舗運営効率化,食品小売（スーパー）における接客スタッフの業務をGoogleフォームとGASで効率化した事例。,食品小売（スーパー）特有の課題に対して、地方中小企業でも導入可能な解決策を提供。,1.手作業による非効率 2.在庫管理の困難 3.顧客情報活用不足 4.売上分析の不足,作業時間：1日2-3時間／在庫精度：70-80%／顧客リピート率：20-30%,従来の手作業による非効率な店舗運営フロー,「作業が大変」「在庫が分からない」「売上が伸びない」,Googleフォーム、Google Apps Script、Googleスプレッドシート、ChatGPT,1.現状分析 2.フォーム設計 3.GAS機能構築 4.テスト実施 5.研修実施,フォーム操作方法、データ入力手順、分析結果確認方法,食品小売（スーパー）に特化した機能追加、店舗に合わせた操作性改善,2-3週間（設計・構築・研修含む）,作業時間40-60%削減、在庫精度20-30%向上、売上10-25%向上,1日1-2時間短縮、月間30-60時間の作業時間削減,人件費月3-8万円削減、在庫効率化で月5-15万円改善,顧客満足度向上、リピート率改善、売上向上,スタッフのモチベーション向上、業務効率化意識の向上,店舗に合わせた設計、継続的な改善、データ活用,「作業が楽になった」「売上が見える」とスタッフの満足度向上,機能拡張、システム連携、オンライン化対応,店舗重視の設計、使いやすさ、継続的な改善の重要性,Googleフォーム（入力）、GAS（自動化）、スプレッドシート（管理）、ChatGPT（分析）,POSシステムとの連携、在庫管理システムとのデータ共有,入力→自動処理→分析→改善アクション→結果評価,データ暗号化、アクセス制限、バックアップ、ログ管理,事例のみ,,,,2025-07-08,,,"小売業,食品小売（スーパー）,接客スタッフ,業務効率化,GAS"
432,小売業,薬局,バイヤー,15名,東京都世田谷区,薬局のバイヤー向け業務効率化事例,GASとGoogleフォーム活用による店舗運営効率化,薬局におけるバイヤーの業務をGoogleフォームとGASで効率化した事例。,薬局特有の課題に対して、地方中小企業でも導入可能な解決策を提供。,1.手作業による非効率 2.在庫管理の困難 3.顧客情報活用不足 4.売上分析の不足,作業時間：1日2-3時間／在庫精度：70-80%／顧客リピート率：20-30%,従来の手作業による非効率な店舗運営フロー,「作業が大変」「在庫が分からない」「売上が伸びない」,Googleフォーム、Google Apps Script、Googleスプレッドシート、ChatGPT,1.現状分析 2.フォーム設計 3.GAS機能構築 4.テスト実施 5.研修実施,フォーム操作方法、データ入力手順、分析結果確認方法,薬局に特化した機能追加、店舗に合わせた操作性改善,2-3週間（設計・構築・研修含む）,作業時間40-60%削減、在庫精度20-30%向上、売上10-25%向上,1日1-2時間短縮、月間30-60時間の作業時間削減,人件費月3-8万円削減、在庫効率化で月5-15万円改善,顧客満足度向上、リピート率改善、売上向上,スタッフのモチベーション向上、業務効率化意識の向上,店舗に合わせた設計、継続的な改善、データ活用,「作業が楽になった」「売上が見える」とスタッフの満足度向上,機能拡張、システム連携、オンライン化対応,店舗重視の設計、使いやすさ、継続的な改善の重要性,Googleフォーム（入力）、GAS（自動化）、スプレッドシート（管理）、ChatGPT（分析）,POSシステムとの連携、在庫管理システムとのデータ共有,入力→自動処理→分析→改善アクション→結果評価,データ暗号化、アクセス制限、バックアップ、ログ管理,事例のみ,,,,2025-07-08,,,"小売業,薬局,バイヤー,業務効率化,GAS"
433,小売業,衣料品店,Web担当,25名,宮城県仙台市,衣料品店のWeb担当向け業務効率化事例,GASとGoogleフォーム活用による店舗運営効率化,衣料品店におけるWeb担当の業務をGoogleフォームとGASで効率化した事例。,衣料品店特有の課題に対して、地方中小企業でも導入可能な解決策を提供。,1.手作業による非効率 2.在庫管理の困難 3.顧客情報活用不足 4.売上分析の不足,作業時間：1日2-3時間／在庫精度：70-80%／顧客リピート率：20-30%,従来の手作業による非効率な店舗運営フロー,「作業が大変」「在庫が分からない」「売上が伸びない」,Googleフォーム、Google Apps Script、Googleスプレッドシート、ChatGPT,1.現状分析 2.フォーム設計 3.GAS機能構築 4.テスト実施 5.研修実施,フォーム操作方法、データ入力手順、分析結果確認方法,衣料品店に特化した機能追加、店舗に合わせた操作性改善,2-3週間（設計・構築・研修含む）,作業時間40-60%削減、在庫精度20-30%向上、売上10-25%向上,1日1-2時間短縮、月間30-60時間の作業時間削減,人件費月3-8万円削減、在庫効率化で月5-15万円改善,顧客満足度向上、リピート率改善、売上向上,スタッフのモチベーション向上、業務効率化意識の向上,店舗に合わせた設計、継続的な改善、データ活用,「作業が楽になった」「売上が見える」とスタッフの満足度向上,機能拡張、システム連携、オンライン化対応,店舗重視の設計、使いやすさ、継続的な改善の重要性,Googleフォーム（入力）、GAS（自動化）、スプレッドシート（管理）、ChatGPT（分析）,POSシステムとの連携、在庫管理システムとのデータ共有,入力→自動処理→分析→改善アクション→結果評価,データ暗号化、アクセス制限、バックアップ、ログ管理,事例のみ,,,,2025-07-08,,,"小売業,衣料品店,Web担当,業務効率化,GAS"
434,小売業,ホームセンター,接客スタッフ,40名,静岡県静岡市,ホームセンターの接客スタッフ向け業務効率化事例,GASとGoogleフォーム活用による店舗運営効率化,ホームセンターにおける接客スタッフの業務をGoogleフォームとGASで効率化した事例。,ホームセンター特有の課題に対して、地方中小企業でも導入可能な解決策を提供。,1.手作業による非効率 2.在庫管理の困難 3.顧客情報活用不足 4.売上分析の不足,作業時間：1日2-3時間／在庫精度：70-80%／顧客リピート率：20-30%,従来の手作業による非効率な店舗運営フロー,「作業が大変」「在庫が分からない」「売上が伸びない」,Googleフォーム、Google Apps Script、Googleスプレッドシート、ChatGPT,1.現状分析 2.フォーム設計 3.GAS機能構築 4.テスト実施 5.研修実施,フォーム操作方法、データ入力手順、分析結果確認方法,ホームセンターに特化した機能追加、店舗に合わせた操作性改善,2-3週間（設計・構築・研修含む）,作業時間40-60%削減、在庫精度20-30%向上、売上10-25%向上,1日1-2時間短縮、月間30-60時間の作業時間削減,人件費月3-8万円削減、在庫効率化で月5-15万円改善,顧客満足度向上、リピート率改善、売上向上,スタッフのモチベーション向上、業務効率化意識の向上,店舗に合わせた設計、継続的な改善、データ活用,「作業が楽になった」「売上が見える」とスタッフの満足度向上,機能拡張、システム連携、オンライン化対応,店舗重視の設計、使いやすさ、継続的な改善の重要性,Googleフォーム（入力）、GAS（自動化）、スプレッドシート（管理）、ChatGPT（分析）,POSシステムとの連携、在庫管理システムとのデータ共有,入力→自動処理→分析→改善アクション→結果評価,データ暗号化、アクセス制限、バックアップ、ログ管理,事例のみ,,,,2025-07-08,,,"小売業,ホームセンター,接客スタッフ,業務効率化,GAS"
435,小売業,スポーツ用品店,店舗運営責任者,3名,北海道札幌市,スポーツ用品店の店舗運営責任者向け業務効率化事例,GASとGoogleフォーム活用による店舗運営効率化,スポーツ用品店における店舗運営責任者の業務をGoogleフォームとGASで効率化した事例。,スポーツ用品店特有の課題に対して、地方中小企業でも導入可能な解決策を提供。,1.手作業による非効率 2.在庫管理の困難 3.顧客情報活用不足 4.売上分析の不足,作業時間：1日2-3時間／在庫精度：70-80%／顧客リピート率：20-30%,従来の手作業による非効率な店舗運営フロー,「作業が大変」「在庫が分からない」「売上が伸びない」,Googleフォーム、Google Apps Script、Googleスプレッドシート、ChatGPT,1.現状分析 2.フォーム設計 3.GAS機能構築 4.テスト実施 5.研修実施,フォーム操作方法、データ入力手順、分析結果確認方法,スポーツ用品店に特化した機能追加、店舗に合わせた操作性改善,2-3週間（設計・構築・研修含む）,作業時間40-60%削減、在庫精度20-30%向上、売上10-25%向上,1日1-2時間短縮、月間30-60時間の作業時間削減,人件費月3-8万円削減、在庫効率化で月5-15万円改善,顧客満足度向上、リピート率改善、売上向上,スタッフのモチベーション向上、業務効率化意識の向上,店舗に合わせた設計、継続的な改善、データ活用,「作業が楽になった」「売上が見える」とスタッフの満足度向上,機能拡張、システム連携、オンライン化対応,店舗重視の設計、使いやすさ、継続的な改善の重要性,Googleフォーム（入力）、GAS（自動化）、スプレッドシート（管理）、ChatGPT（分析）,POSシステムとの連携、在庫管理システムとのデータ共有,入力→自動処理→分析→改善アクション→結果評価,データ暗号化、アクセス制限、バックアップ、ログ管理,事例のみ,,,,2025-07-08,,,"小売業,スポーツ用品店,店舗運営責任者,業務効率化,GAS"
436,小売業,コンビニエンスストア,接客スタッフ,12名,広島県広島市,コンビニエンスストアの接客スタッフ向け業務効率化事例,GASとGoogleフォーム活用による店舗運営効率化,コンビニエンスストアにおける接客スタッフの業務をGoogleフォームとGASで効率化した事例。,コンビニエンスストア特有の課題に対して、地方中小企業でも導入可能な解決策を提供。,1.手作業による非効率 2.在庫管理の困難 3.顧客情報活用不足 4.売上分析の不足,作業時間：1日2-3時間／在庫精度：70-80%／顧客リピート率：20-30%,従来の手作業による非効率な店舗運営フロー,「作業が大変」「在庫が分からない」「売上が伸びない」,Googleフォーム、Google Apps Script、Googleスプレッドシート、ChatGPT,1.現状分析 2.フォーム設計 3.GAS機能構築 4.テスト実施 5.研修実施,フォーム操作方法、データ入力手順、分析結果確認方法,コンビニエンスストアに特化した機能追加、店舗に合わせた操作性改善,2-3週間（設計・構築・研修含む）,作業時間40-60%削減、在庫精度20-30%向上、売上10-25%向上,1日1-2時間短縮、月間30-60時間の作業時間削減,人件費月3-8万円削減、在庫効率化で月5-15万円改善,顧客満足度向上、リピート率改善、売上向上,スタッフのモチベーション向上、業務効率化意識の向上,店舗に合わせた設計、継続的な改善、データ活用,「作業が楽になった」「売上が見える」とスタッフの満足度向上,機能拡張、システム連携、オンライン化対応,店舗重視の設計、使いやすさ、継続的な改善の重要性,Googleフォーム（入力）、GAS（自動化）、スプレッドシート（管理）、ChatGPT（分析）,POSシステムとの連携、在庫管理システムとのデータ共有,入力→自動処理→分析→改善アクション→結果評価,データ暗号化、アクセス制限、バックアップ、ログ管理,事例のみ,,,,2025-07-08,,,"小売業,コンビニエンスストア,接客スタッフ,業務効率化,GAS"
437,小売業,食品小売（スーパー）,商品管理担当,28名,大阪府大阪市,食品小売（スーパー）の商品管理担当向け業務効率化事例,GASとGoogleフォーム活用による店舗運営効率化,食品小売（スーパー）における商品管理担当の業務をGoogleフォームとGASで効率化した事例。,食品小売（スーパー）特有の課題に対して、地方中小企業でも導入可能な解決策を提供。,1.手作業による非効率 2.在庫管理の困難 3.顧客情報活用不足 4.売上分析の不足,作業時間：1日2-3時間／在庫精度：70-80%／顧客リピート率：20-30%,従来の手作業による非効率な店舗運営フロー,「作業が大変」「在庫が分からない」「売上が伸びない」,Googleフォーム、Google Apps Script、Googleスプレッドシート、ChatGPT,1.現状分析 2.フォーム設計 3.GAS機能構築 4.テスト実施 5.研修実施,フォーム操作方法、データ入力手順、分析結果確認方法,食品小売（スーパー）に特化した機能追加、店舗に合わせた操作性改善,2-3週間（設計・構築・研修含む）,作業時間40-60%削減、在庫精度20-30%向上、売上10-25%向上,1日1-2時間短縮、月間30-60時間の作業時間削減,人件費月3-8万円削減、在庫効率化で月5-15万円改善,顧客満足度向上、リピート率改善、売上向上,スタッフのモチベーション向上、業務効率化意識の向上,店舗に合わせた設計、継続的な改善、データ活用,「作業が楽になった」「売上が見える」とスタッフの満足度向上,機能拡張、システム連携、オンライン化対応,店舗重視の設計、使いやすさ、継続的な改善の重要性,Googleフォーム（入力）、GAS（自動化）、スプレッドシート（管理）、ChatGPT（分析）,POSシステムとの連携、在庫管理システムとのデータ共有,入力→自動処理→分析→改善アクション→結果評価,データ暗号化、アクセス制限、バックアップ、ログ管理,事例のみ,,,,2025-07-08,,,"小売業,食品小売（スーパー）,商品管理担当,業務効率化,GAS"
438,小売業,食品小売（スーパー）,店主,35名,静岡県静岡市,食品小売（スーパー）の店主向け業務効率化事例,GASとGoogleフォーム活用による店舗運営効率化,食品小売（スーパー）における店主の業務をGoogleフォームとGASで効率化した事例。,食品小売（スーパー）特有の課題に対して、地方中小企業でも導入可能な解決策を提供。,1.手作業による非効率 2.在庫管理の困難 3.顧客情報活用不足 4.売上分析の不足,作業時間：1日2-3時間／在庫精度：70-80%／顧客リピート率：20-30%,従来の手作業による非効率な店舗運営フロー,「作業が大変」「在庫が分からない」「売上が伸びない」,Googleフォーム、Google Apps Script、Googleスプレッドシート、ChatGPT,1.現状分析 2.フォーム設計 3.GAS機能構築 4.テスト実施 5.研修実施,フォーム操作方法、データ入力手順、分析結果確認方法,食品小売（スーパー）に特化した機能追加、店舗に合わせた操作性改善,2-3週間（設計・構築・研修含む）,作業時間40-60%削減、在庫精度20-30%向上、売上10-25%向上,1日1-2時間短縮、月間30-60時間の作業時間削減,人件費月3-8万円削減、在庫効率化で月5-15万円改善,顧客満足度向上、リピート率改善、売上向上,スタッフのモチベーション向上、業務効率化意識の向上,店舗に合わせた設計、継続的な改善、データ活用,「作業が楽になった」「売上が見える」とスタッフの満足度向上,機能拡張、システム連携、オンライン化対応,店舗重視の設計、使いやすさ、継続的な改善の重要性,Googleフォーム（入力）、GAS（自動化）、スプレッドシート（管理）、ChatGPT（分析）,POSシステムとの連携、在庫管理システムとのデータ共有,入力→自動処理→分析→改善アクション→結果評価,データ暗号化、アクセス制限、バックアップ、ログ管理,事例のみ,,,,2025-07-08,,,"小売業,食品小売（スーパー）,店主,業務効率化,GAS"
439,小売業,ドラッグストア,店舗運営責任者,45名,兵庫県神戸市,ドラッグストアの店舗運営責任者向け業務効率化事例,GASとGoogleフォーム活用による店舗運営効率化,ドラッグストアにおける店舗運営責任者の業務をGoogleフォームとGASで効率化した事例。,ドラッグストア特有の課題に対して、地方中小企業でも導入可能な解決策を提供。,1.手作業による非効率 2.在庫管理の困難 3.顧客情報活用不足 4.売上分析の不足,作業時間：1日2-3時間／在庫精度：70-80%／顧客リピート率：20-30%,従来の手作業による非効率な店舗運営フロー,「作業が大変」「在庫が分からない」「売上が伸びない」,Googleフォーム、Google Apps Script、Googleスプレッドシート、ChatGPT,1.現状分析 2.フォーム設計 3.GAS機能構築 4.テスト実施 5.研修実施,フォーム操作方法、データ入力手順、分析結果確認方法,ドラッグストアに特化した機能追加、店舗に合わせた操作性改善,2-3週間（設計・構築・研修含む）,作業時間40-60%削減、在庫精度20-30%向上、売上10-25%向上,1日1-2時間短縮、月間30-60時間の作業時間削減,人件費月3-8万円削減、在庫効率化で月5-15万円改善,顧客満足度向上、リピート率改善、売上向上,スタッフのモチベーション向上、業務効率化意識の向上,店舗に合わせた設計、継続的な改善、データ活用,「作業が楽になった」「売上が見える」とスタッフの満足度向上,機能拡張、システム連携、オンライン化対応,店舗重視の設計、使いやすさ、継続的な改善の重要性,Googleフォーム（入力）、GAS（自動化）、スプレッドシート（管理）、ChatGPT（分析）,POSシステムとの連携、在庫管理システムとのデータ共有,入力→自動処理→分析→改善アクション→結果評価,データ暗号化、アクセス制限、バックアップ、ログ管理,事例のみ,,,,2025-07-08,,,"小売業,ドラッグストア,店舗運営責任者,業務効率化,GAS"
440,小売業,スポーツ用品店,事務担当,25名,千葉県船橋市,スポーツ用品店の事務担当向け業務効率化事例,GASとGoogleフォーム活用による店舗運営効率化,スポーツ用品店における事務担当の業務をGoogleフォームとGASで効率化した事例。,スポーツ用品店特有の課題に対して、地方中小企業でも導入可能な解決策を提供。,1.手作業による非効率 2.在庫管理の困難 3.顧客情報活用不足 4.売上分析の不足,作業時間：1日2-3時間／在庫精度：70-80%／顧客リピート率：20-30%,従来の手作業による非効率な店舗運営フロー,「作業が大変」「在庫が分からない」「売上が伸びない」,Googleフォーム、Google Apps Script、Googleスプレッドシート、ChatGPT,1.現状分析 2.フォーム設計 3.GAS機能構築 4.テスト実施 5.研修実施,フォーム操作方法、データ入力手順、分析結果確認方法,スポーツ用品店に特化した機能追加、店舗に合わせた操作性改善,2-3週間（設計・構築・研修含む）,作業時間40-60%削減、在庫精度20-30%向上、売上10-25%向上,1日1-2時間短縮、月間30-60時間の作業時間削減,人件費月3-8万円削減、在庫効率化で月5-15万円改善,顧客満足度向上、リピート率改善、売上向上,スタッフのモチベーション向上、業務効率化意識の向上,店舗に合わせた設計、継続的な改善、データ活用,「作業が楽になった」「売上が見える」とスタッフの満足度向上,機能拡張、システム連携、オンライン化対応,店舗重視の設計、使いやすさ、継続的な改善の重要性,Googleフォーム（入力）、GAS（自動化）、スプレッドシート（管理）、ChatGPT（分析）,POSシステムとの連携、在庫管理システムとのデータ共有,入力→自動処理→分析→改善アクション→結果評価,データ暗号化、アクセス制限、バックアップ、ログ管理,事例のみ,,,,2025-07-08,,,"小売業,スポーツ用品店,事務担当,業務効率化,GAS"
441,小売業,食品小売（精肉店）,接客スタッフ,20名,宮城県仙台市,食品小売（精肉店）の接客スタッフ向け業務効率化事例,GASとGoogleフォーム活用による店舗運営効率化,食品小売（精肉店）における接客スタッフの業務をGoogleフォームとGASで効率化した事例。,食品小売（精肉店）特有の課題に対して、地方中小企業でも導入可能な解決策を提供。,1.手作業による非効率 2.在庫管理の困難 3.顧客情報活用不足 4.売上分析の不足,作業時間：1日2-3時間／在庫精度：70-80%／顧客リピート率：20-30%,従来の手作業による非効率な店舗運営フロー,「作業が大変」「在庫が分からない」「売上が伸びない」,Googleフォーム、Google Apps Script、Googleスプレッドシート、ChatGPT,1.現状分析 2.フォーム設計 3.GAS機能構築 4.テスト実施 5.研修実施,フォーム操作方法、データ入力手順、分析結果確認方法,食品小売（精肉店）に特化した機能追加、店舗に合わせた操作性改善,2-3週間（設計・構築・研修含む）,作業時間40-60%削減、在庫精度20-30%向上、売上10-25%向上,1日1-2時間短縮、月間30-60時間の作業時間削減,人件費月3-8万円削減、在庫効率化で月5-15万円改善,顧客満足度向上、リピート率改善、売上向上,スタッフのモチベーション向上、業務効率化意識の向上,店舗に合わせた設計、継続的な改善、データ活用,「作業が楽になった」「売上が見える」とスタッフの満足度向上,機能拡張、システム連携、オンライン化対応,店舗重視の設計、使いやすさ、継続的な改善の重要性,Googleフォーム（入力）、GAS（自動化）、スプレッドシート（管理）、ChatGPT（分析）,POSシステムとの連携、在庫管理システムとのデータ共有,入力→自動処理→分析→改善アクション→結果評価,データ暗号化、アクセス制限、バックアップ、ログ管理,事例のみ,,,,2025-07-08,,,"小売業,食品小売（精肉店）,接客スタッフ,業務効率化,GAS"
442,小売業,家電量販店,バイヤー,45名,新潟県新潟市,家電量販店のバイヤー向け業務効率化事例,GASとGoogleフォーム活用による店舗運営効率化,家電量販店におけるバイヤーの業務をGoogleフォームとGASで効率化した事例。,家電量販店特有の課題に対して、地方中小企業でも導入可能な解決策を提供。,1.手作業による非効率 2.在庫管理の困難 3.顧客情報活用不足 4.売上分析の不足,作業時間：1日2-3時間／在庫精度：70-80%／顧客リピート率：20-30%,従来の手作業による非効率な店舗運営フロー,「作業が大変」「在庫が分からない」「売上が伸びない」,Googleフォーム、Google Apps Script、Googleスプレッドシート、ChatGPT,1.現状分析 2.フォーム設計 3.GAS機能構築 4.テスト実施 5.研修実施,フォーム操作方法、データ入力手順、分析結果確認方法,家電量販店に特化した機能追加、店舗に合わせた操作性改善,2-3週間（設計・構築・研修含む）,作業時間40-60%削減、在庫精度20-30%向上、売上10-25%向上,1日1-2時間短縮、月間30-60時間の作業時間削減,人件費月3-8万円削減、在庫効率化で月5-15万円改善,顧客満足度向上、リピート率改善、売上向上,スタッフのモチベーション向上、業務効率化意識の向上,店舗に合わせた設計、継続的な改善、データ活用,「作業が楽になった」「売上が見える」とスタッフの満足度向上,機能拡張、システム連携、オンライン化対応,店舗重視の設計、使いやすさ、継続的な改善の重要性,Googleフォーム（入力）、GAS（自動化）、スプレッドシート（管理）、ChatGPT（分析）,POSシステムとの連携、在庫管理システムとのデータ共有,入力→自動処理→分析→改善アクション→結果評価,データ暗号化、アクセス制限、バックアップ、ログ管理,事例のみ,,,,2025-07-08,,,"小売業,家電量販店,バイヤー,業務効率化,GAS"
443,小売業,食品小売（青果店）,店長,3名,新潟県新潟市,食品小売（青果店）の店長向け業務効率化事例,GASとGoogleフォーム活用による店舗運営効率化,食品小売（青果店）における店長の業務をGoogleフォームとGASで効率化した事例。,食品小売（青果店）特有の課題に対して、地方中小企業でも導入可能な解決策を提供。,1.手作業による非効率 2.在庫管理の困難 3.顧客情報活用不足 4.売上分析の不足,作業時間：1日2-3時間／在庫精度：70-80%／顧客リピート率：20-30%,従来の手作業による非効率な店舗運営フロー,「作業が大変」「在庫が分からない」「売上が伸びない」,Googleフォーム、Google Apps Script、Googleスプレッドシート、ChatGPT,1.現状分析 2.フォーム設計 3.GAS機能構築 4.テスト実施 5.研修実施,フォーム操作方法、データ入力手順、分析結果確認方法,食品小売（青果店）に特化した機能追加、店舗に合わせた操作性改善,2-3週間（設計・構築・研修含む）,作業時間40-60%削減、在庫精度20-30%向上、売上10-25%向上,1日1-2時間短縮、月間30-60時間の作業時間削減,人件費月3-8万円削減、在庫効率化で月5-15万円改善,顧客満足度向上、リピート率改善、売上向上,スタッフのモチベーション向上、業務効率化意識の向上,店舗に合わせた設計、継続的な改善、データ活用,「作業が楽になった」「売上が見える」とスタッフの満足度向上,機能拡張、システム連携、オンライン化対応,店舗重視の設計、使いやすさ、継続的な改善の重要性,Googleフォーム（入力）、GAS（自動化）、スプレッドシート（管理）、ChatGPT（分析）,POSシステムとの連携、在庫管理システムとのデータ共有,入力→自動処理→分析→改善アクション→結果評価,データ暗号化、アクセス制限、バックアップ、ログ管理,事例のみ,,,,2025-07-08,,,"小売業,食品小売（青果店）,店長,業務効率化,GAS"
444,小売業,食品小売（青果店）,経営者,18名,千葉県船橋市,食品小売（青果店）の経営者向け業務効率化事例,GASとGoogleフォーム活用による店舗運営効率化,食品小売（青果店）における経営者の業務をGoogleフォームとGASで効率化した事例。,食品小売（青果店）特有の課題に対して、地方中小企業でも導入可能な解決策を提供。,1.手作業による非効率 2.在庫管理の困難 3.顧客情報活用不足 4.売上分析の不足,作業時間：1日2-3時間／在庫精度：70-80%／顧客リピート率：20-30%,従来の手作業による非効率な店舗運営フロー,「作業が大変」「在庫が分からない」「売上が伸びない」,Googleフォーム、Google Apps Script、Googleスプレッドシート、ChatGPT,1.現状分析 2.フォーム設計 3.GAS機能構築 4.テスト実施 5.研修実施,フォーム操作方法、データ入力手順、分析結果確認方法,食品小売（青果店）に特化した機能追加、店舗に合わせた操作性改善,2-3週間（設計・構築・研修含む）,作業時間40-60%削減、在庫精度20-30%向上、売上10-25%向上,1日1-2時間短縮、月間30-60時間の作業時間削減,人件費月3-8万円削減、在庫効率化で月5-15万円改善,顧客満足度向上、リピート率改善、売上向上,スタッフのモチベーション向上、業務効率化意識の向上,店舗に合わせた設計、継続的な改善、データ活用,「作業が楽になった」「売上が見える」とスタッフの満足度向上,機能拡張、システム連携、オンライン化対応,店舗重視の設計、使いやすさ、継続的な改善の重要性,Googleフォーム（入力）、GAS（自動化）、スプレッドシート（管理）、ChatGPT（分析）,POSシステムとの連携、在庫管理システムとのデータ共有,入力→自動処理→分析→改善アクション→結果評価,データ暗号化、アクセス制限、バックアップ、ログ管理,事例のみ,,,,2025-07-08,,,"小売業,食品小売（青果店）,経営者,業務効率化,GAS"
445,小売業,家電量販店,バイヤー,18名,岡山県岡山市,家電量販店のバイヤー向け業務効率化事例,GASとGoogleフォーム活用による店舗運営効率化,家電量販店におけるバイヤーの業務をGoogleフォームとGASで効率化した事例。,家電量販店特有の課題に対して、地方中小企業でも導入可能な解決策を提供。,1.手作業による非効率 2.在庫管理の困難 3.顧客情報活用不足 4.売上分析の不足,作業時間：1日2-3時間／在庫精度：70-80%／顧客リピート率：20-30%,従来の手作業による非効率な店舗運営フロー,「作業が大変」「在庫が分からない」「売上が伸びない」,Googleフォーム、Google Apps Script、Googleスプレッドシート、ChatGPT,1.現状分析 2.フォーム設計 3.GAS機能構築 4.テスト実施 5.研修実施,フォーム操作方法、データ入力手順、分析結果確認方法,家電量販店に特化した機能追加、店舗に合わせた操作性改善,2-3週間（設計・構築・研修含む）,作業時間40-60%削減、在庫精度20-30%向上、売上10-25%向上,1日1-2時間短縮、月間30-60時間の作業時間削減,人件費月3-8万円削減、在庫効率化で月5-15万円改善,顧客満足度向上、リピート率改善、売上向上,スタッフのモチベーション向上、業務効率化意識の向上,店舗に合わせた設計、継続的な改善、データ活用,「作業が楽になった」「売上が見える」とスタッフの満足度向上,機能拡張、システム連携、オンライン化対応,店舗重視の設計、使いやすさ、継続的な改善の重要性,Googleフォーム（入力）、GAS（自動化）、スプレッドシート（管理）、ChatGPT（分析）,POSシステムとの連携、在庫管理システムとのデータ共有,入力→自動処理→分析→改善アクション→結果評価,データ暗号化、アクセス制限、バックアップ、ログ管理,事例のみ,,,,2025-07-08,,,"小売業,家電量販店,バイヤー,業務効率化,GAS"
446,小売業,食品小売（青果店）,在庫管理担当,45名,千葉県船橋市,食品小売（青果店）の在庫管理担当向け業務効率化事例,GASとGoogleフォーム活用による店舗運営効率化,食品小売（青果店）における在庫管理担当の業務をGoogleフォームとGASで効率化した事例。,食品小売（青果店）特有の課題に対して、地方中小企業でも導入可能な解決策を提供。,1.手作業による非効率 2.在庫管理の困難 3.顧客情報活用不足 4.売上分析の不足,作業時間：1日2-3時間／在庫精度：70-80%／顧客リピート率：20-30%,従来の手作業による非効率な店舗運営フロー,「作業が大変」「在庫が分からない」「売上が伸びない」,Googleフォーム、Google Apps Script、Googleスプレッドシート、ChatGPT,1.現状分析 2.フォーム設計 3.GAS機能構築 4.テスト実施 5.研修実施,フォーム操作方法、データ入力手順、分析結果確認方法,食品小売（青果店）に特化した機能追加、店舗に合わせた操作性改善,2-3週間（設計・構築・研修含む）,作業時間40-60%削減、在庫精度20-30%向上、売上10-25%向上,1日1-2時間短縮、月間30-60時間の作業時間削減,人件費月3-8万円削減、在庫効率化で月5-15万円改善,顧客満足度向上、リピート率改善、売上向上,スタッフのモチベーション向上、業務効率化意識の向上,店舗に合わせた設計、継続的な改善、データ活用,「作業が楽になった」「売上が見える」とスタッフの満足度向上,機能拡張、システム連携、オンライン化対応,店舗重視の設計、使いやすさ、継続的な改善の重要性,Googleフォーム（入力）、GAS（自動化）、スプレッドシート（管理）、ChatGPT（分析）,POSシステムとの連携、在庫管理システムとのデータ共有,入力→自動処理→分析→改善アクション→結果評価,データ暗号化、アクセス制限、バックアップ、ログ管理,事例のみ,,,,2025-07-08,,,"小売業,食品小売（青果店）,在庫管理担当,業務効率化,GAS"
447,小売業,百貨店,店舗運営責任者,25名,新潟県新潟市,百貨店の店舗運営責任者向け業務効率化事例,GASとGoogleフォーム活用による店舗運営効率化,百貨店における店舗運営責任者の業務をGoogleフォームとGASで効率化した事例。,百貨店特有の課題に対して、地方中小企業でも導入可能な解決策を提供。,1.手作業による非効率 2.在庫管理の困難 3.顧客情報活用不足 4.売上分析の不足,作業時間：1日2-3時間／在庫精度：70-80%／顧客リピート率：20-30%,従来の手作業による非効率な店舗運営フロー,「作業が大変」「在庫が分からない」「売上が伸びない」,Googleフォーム、Google Apps Script、Googleスプレッドシート、ChatGPT,1.現状分析 2.フォーム設計 3.GAS機能構築 4.テスト実施 5.研修実施,フォーム操作方法、データ入力手順、分析結果確認方法,百貨店に特化した機能追加、店舗に合わせた操作性改善,2-3週間（設計・構築・研修含む）,作業時間40-60%削減、在庫精度20-30%向上、売上10-25%向上,1日1-2時間短縮、月間30-60時間の作業時間削減,人件費月3-8万円削減、在庫効率化で月5-15万円改善,顧客満足度向上、リピート率改善、売上向上,スタッフのモチベーション向上、業務効率化意識の向上,店舗に合わせた設計、継続的な改善、データ活用,「作業が楽になった」「売上が見える」とスタッフの満足度向上,機能拡張、システム連携、オンライン化対応,店舗重視の設計、使いやすさ、継続的な改善の重要性,Googleフォーム（入力）、GAS（自動化）、スプレッドシート（管理）、ChatGPT（分析）,POSシステムとの連携、在庫管理システムとのデータ共有,入力→自動処理→分析→改善アクション→結果評価,データ暗号化、アクセス制限、バックアップ、ログ管理,事例のみ,,,,2025-07-08,,,"小売業,百貨店,店舗運営責任者,業務効率化,GAS"
448,小売業,衣料品店,店主,30名,大阪府大阪市,衣料品店の店主向け業務効率化事例,GASとGoogleフォーム活用による店舗運営効率化,衣料品店における店主の業務をGoogleフォームとGASで効率化した事例。,衣料品店特有の課題に対して、地方中小企業でも導入可能な解決策を提供。,1.手作業による非効率 2.在庫管理の困難 3.顧客情報活用不足 4.売上分析の不足,作業時間：1日2-3時間／在庫精度：70-80%／顧客リピート率：20-30%,従来の手作業による非効率な店舗運営フロー,「作業が大変」「在庫が分からない」「売上が伸びない」,Googleフォーム、Google Apps Script、Googleスプレッドシート、ChatGPT,1.現状分析 2.フォーム設計 3.GAS機能構築 4.テスト実施 5.研修実施,フォーム操作方法、データ入力手順、分析結果確認方法,衣料品店に特化した機能追加、店舗に合わせた操作性改善,2-3週間（設計・構築・研修含む）,作業時間40-60%削減、在庫精度20-30%向上、売上10-25%向上,1日1-2時間短縮、月間30-60時間の作業時間削減,人件費月3-8万円削減、在庫効率化で月5-15万円改善,顧客満足度向上、リピート率改善、売上向上,スタッフのモチベーション向上、業務効率化意識の向上,店舗に合わせた設計、継続的な改善、データ活用,「作業が楽になった」「売上が見える」とスタッフの満足度向上,機能拡張、システム連携、オンライン化対応,店舗重視の設計、使いやすさ、継続的な改善の重要性,Googleフォーム（入力）、GAS（自動化）、スプレッドシート（管理）、ChatGPT（分析）,POSシステムとの連携、在庫管理システムとのデータ共有,入力→自動処理→分析→改善アクション→結果評価,データ暗号化、アクセス制限、バックアップ、ログ管理,事例のみ,,,,2025-07-08,,,"小売業,衣料品店,店主,業務効率化,GAS"
449,小売業,花屋,店長,5名,広島県広島市,花屋の店長向け業務効率化事例,GASとGoogleフォーム活用による店舗運営効率化,花屋における店長の業務をGoogleフォームとGASで効率化した事例。,花屋特有の課題に対して、地方中小企業でも導入可能な解決策を提供。,1.手作業による非効率 2.在庫管理の困難 3.顧客情報活用不足 4.売上分析の不足,作業時間：1日2-3時間／在庫精度：70-80%／顧客リピート率：20-30%,従来の手作業による非効率な店舗運営フロー,「作業が大変」「在庫が分からない」「売上が伸びない」,Googleフォーム、Google Apps Script、Googleスプレッドシート、ChatGPT,1.現状分析 2.フォーム設計 3.GAS機能構築 4.テスト実施 5.研修実施,フォーム操作方法、データ入力手順、分析結果確認方法,花屋に特化した機能追加、店舗に合わせた操作性改善,2-3週間（設計・構築・研修含む）,作業時間40-60%削減、在庫精度20-30%向上、売上10-25%向上,1日1-2時間短縮、月間30-60時間の作業時間削減,人件費月3-8万円削減、在庫効率化で月5-15万円改善,顧客満足度向上、リピート率改善、売上向上,スタッフのモチベーション向上、業務効率化意識の向上,店舗に合わせた設計、継続的な改善、データ活用,「作業が楽になった」「売上が見える」とスタッフの満足度向上,機能拡張、システム連携、オンライン化対応,店舗重視の設計、使いやすさ、継続的な改善の重要性,Googleフォーム（入力）、GAS（自動化）、スプレッドシート（管理）、ChatGPT（分析）,POSシステムとの連携、在庫管理システムとのデータ共有,入力→自動処理→分析→改善アクション→結果評価,データ暗号化、アクセス制限、バックアップ、ログ管理,事例のみ,,,,2025-07-08,,,"小売業,花屋,店長,業務効率化,GAS"
450,小売業,書店,在庫管理担当,18名,埼玉県さいたま市,書店の在庫管理担当向け業務効率化事例,GASとGoogleフォーム活用による店舗運営効率化,書店における在庫管理担当の業務をGoogleフォームとGASで効率化した事例。,書店特有の課題に対して、地方中小企業でも導入可能な解決策を提供。,1.手作業による非効率 2.在庫管理の困難 3.顧客情報活用不足 4.売上分析の不足,作業時間：1日2-3時間／在庫精度：70-80%／顧客リピート率：20-30%,従来の手作業による非効率な店舗運営フロー,「作業が大変」「在庫が分からない」「売上が伸びない」,Googleフォーム、Google Apps Script、Googleスプレッドシート、ChatGPT,1.現状分析 2.フォーム設計 3.GAS機能構築 4.テスト実施 5.研修実施,フォーム操作方法、データ入力手順、分析結果確認方法,書店に特化した機能追加、店舗に合わせた操作性改善,2-3週間（設計・構築・研修含む）,作業時間40-60%削減、在庫精度20-30%向上、売上10-25%向上,1日1-2時間短縮、月間30-60時間の作業時間削減,人件費月3-8万円削減、在庫効率化で月5-15万円改善,顧客満足度向上、リピート率改善、売上向上,スタッフのモチベーション向上、業務効率化意識の向上,店舗に合わせた設計、継続的な改善、データ活用,「作業が楽になった」「売上が見える」とスタッフの満足度向上,機能拡張、システム連携、オンライン化対応,店舗重視の設計、使いやすさ、継続的な改善の重要性,Googleフォーム（入力）、GAS（自動化）、スプレッドシート（管理）、ChatGPT（分析）,POSシステムとの連携、在庫管理システムとのデータ共有,入力→自動処理→分析→改善アクション→結果評価,データ暗号化、アクセス制限、バックアップ、ログ管理,事例のみ,,,,2025-07-08,,,"小売業,書店,在庫管理担当,業務効率化,GAS"
465,小売業,食品小売,店長,18名,北海道旭川市,小売業の店長向け経営効率化事例,GASとGoogleフォーム活用による管理業務最適化,小売業における店長の管理業務をGoogleフォームとGASで効率化した事例。,小売業特有の管理課題に対して、地方中小企業でも導入可能な解決策を提供。,1.管理業務の手作業負担 2.情報共有の困難 3.意思決定の遅れ 4.データ活用不足,管理業務：1日3-4時間／データ整理：週1回半日／意思決定：1件1-2時間,従来の手作業による非効率な管理フロー,「管理が大変」「情報が見えない」「判断に時間がかかる」,Googleフォーム、Google Apps Script、Googleスプレッドシート、ChatGPT,1.現状分析 2.管理システム設計 3.GAS機能構築 4.テスト実施 5.研修実施,システム操作方法、データ分析の見方、意思決定支援機能活用法,小売業に特化した管理機能、現場に合わせた操作性改善,3-4週間（要件整理・設計・構築・研修含む）,管理業務40-60%削減、意思決定速度50-70%向上、データ活用度大幅改善,1日2-3時間短縮、月間60-90時間の作業時間削減,人件費月10-20万円削減、効率化による収益10-20%改善,管理品質向上、組織運営効率化、スタッフ満足度向上,組織の透明性向上、スタッフのモチベーション向上、経営安定化,経営者目線での設計、継続的な改善、全社的な取り組み,「管理が見える化された」「判断しやすくなった」と経営者・管理職の満足度向上,機能拡張、他システム連携、AI活用による高度化,経営者目線の重要性、継続的な改善、全社的な取り組み,Googleフォーム（入力）、GAS（自動化・分析）、スプレッドシート（管理）、ChatGPT（経営分析）,既存の基幹システム、会計システムとのデータ連携,情報入力→自動処理→分析→意思決定支援→管理アクション,経営データの暗号化、アクセス制限、バックアップ、監査ログ管理,事例のみ,,,,2025-07-08,,,"経営・管理職,小売業,店長,業務効率化,GAS"
472,小売業,食品小売,エリアマネージャー,5名,千葉県柏市,小売業のエリアマネージャー向け経営効率化事例,GASとGoogleフォーム活用による管理業務最適化,小売業におけるエリアマネージャーの管理業務をGoogleフォームとGASで効率化した事例。,小売業特有の管理課題に対して、地方中小企業でも導入可能な解決策を提供。,1.管理業務の手作業負担 2.情報共有の困難 3.意思決定の遅れ 4.データ活用不足,管理業務：1日3-4時間／データ整理：週1回半日／意思決定：1件1-2時間,従来の手作業による非効率な管理フロー,「管理が大変」「情報が見えない」「判断に時間がかかる」,Googleフォーム、Google Apps Script、Googleスプレッドシート、ChatGPT,1.現状分析 2.管理システム設計 3.GAS機能構築 4.テスト実施 5.研修実施,システム操作方法、データ分析の見方、意思決定支援機能活用法,小売業に特化した管理機能、現場に合わせた操作性改善,3-4週間（要件整理・設計・構築・研修含む）,管理業務40-60%削減、意思決定速度50-70%向上、データ活用度大幅改善,1日2-3時間短縮、月間60-90時間の作業時間削減,人件費月10-20万円削減、効率化による収益10-20%改善,管理品質向上、組織運営効率化、スタッフ満足度向上,組織の透明性向上、スタッフのモチベーション向上、経営安定化,経営者目線での設計、継続的な改善、全社的な取り組み,「管理が見える化された」「判断しやすくなった」と経営者・管理職の満足度向上,機能拡張、他システム連携、AI活用による高度化,経営者目線の重要性、継続的な改善、全社的な取り組み,Googleフォーム（入力）、GAS（自動化・分析）、スプレッドシート（管理）、ChatGPT（経営分析）,既存の基幹システム、会計システムとのデータ連携,情報入力→自動処理→分析→意思決定支援→管理アクション,経営データの暗号化、アクセス制限、バックアップ、監査ログ管理,事例のみ,,,,2025-07-08,,,"経営・管理職,小売業,エリアマネージャー,業務効率化,GAS"
475,小売業,衣料品店,部門責任者,45名,神奈川県川崎市,小売業の部門責任者向け経営効率化事例,GASとGoogleフォーム活用による管理業務最適化,小売業における部門責任者の管理業務をGoogleフォームとGASで効率化した事例。,小売業特有の管理課題に対して、地方中小企業でも導入可能な解決策を提供。,1.管理業務の手作業負担 2.情報共有の困難 3.意思決定の遅れ 4.データ活用不足,管理業務：1日3-4時間／データ整理：週1回半日／意思決定：1件1-2時間,従来の手作業による非効率な管理フロー,「管理が大変」「情報が見えない」「判断に時間がかかる」,Googleフォーム、Google Apps Script、Googleスプレッドシート、ChatGPT,1.現状分析 2.管理システム設計 3.GAS機能構築 4.テスト実施 5.研修実施,システム操作方法、データ分析の見方、意思決定支援機能活用法,小売業に特化した管理機能、現場に合わせた操作性改善,3-4週間（要件整理・設計・構築・研修含む）,管理業務40-60%削減、意思決定速度50-70%向上、データ活用度大幅改善,1日2-3時間短縮、月間60-90時間の作業時間削減,人件費月10-20万円削減、効率化による収益10-20%改善,管理品質向上、組織運営効率化、スタッフ満足度向上,組織の透明性向上、スタッフのモチベーション向上、経営安定化,経営者目線での設計、継続的な改善、全社的な取り組み,「管理が見える化された」「判断しやすくなった」と経営者・管理職の満足度向上,機能拡張、他システム連携、AI活用による高度化,経営者目線の重要性、継続的な改善、全社的な取り組み,Googleフォーム（入力）、GAS（自動化・分析）、スプレッドシート（管理）、ChatGPT（経営分析）,既存の基幹システム、会計システムとのデータ連携,情報入力→自動処理→分析→意思決定支援→管理アクション,経営データの暗号化、アクセス制限、バックアップ、監査ログ管理,事例のみ,,,,2025-07-08,,,"経営・管理職,小売業,部門責任者,業務効率化,GAS"
479,小売業,家電販売,工場長,25名,福岡県久留米市,小売業の工場長向け経営効率化事例,GASとGoogleフォーム活用による管理業務最適化,小売業における工場長の管理業務をGoogleフォームとGASで効率化した事例。,小売業特有の管理課題に対して、地方中小企業でも導入可能な解決策を提供。,1.管理業務の手作業負担 2.情報共有の困難 3.意思決定の遅れ 4.データ活用不足,管理業務：1日3-4時間／データ整理：週1回半日／意思決定：1件1-2時間,従来の手作業による非効率な管理フロー,「管理が大変」「情報が見えない」「判断に時間がかかる」,Googleフォーム、Google Apps Script、Googleスプレッドシート、ChatGPT,1.現状分析 2.管理システム設計 3.GAS機能構築 4.テスト実施 5.研修実施,システム操作方法、データ分析の見方、意思決定支援機能活用法,小売業に特化した管理機能、現場に合わせた操作性改善,3-4週間（要件整理・設計・構築・研修含む）,管理業務40-60%削減、意思決定速度50-70%向上、データ活用度大幅改善,1日2-3時間短縮、月間60-90時間の作業時間削減,人件費月10-20万円削減、効率化による収益10-20%改善,管理品質向上、組織運営効率化、スタッフ満足度向上,組織の透明性向上、スタッフのモチベーション向上、経営安定化,経営者目線での設計、継続的な改善、全社的な取り組み,「管理が見える化された」「判断しやすくなった」と経営者・管理職の満足度向上,機能拡張、他システム連携、AI活用による高度化,経営者目線の重要性、継続的な改善、全社的な取り組み,Googleフォーム（入力）、GAS（自動化・分析）、スプレッドシート（管理）、ChatGPT（経営分析）,既存の基幹システム、会計システムとのデータ連携,情報入力→自動処理→分析→意思決定支援→管理アクション,経営データの暗号化、アクセス制限、バックアップ、監査ログ管理,事例のみ,,,,2025-07-08,,,"経営・管理職,小売業,工場長,業務効率化,GAS"
502,小売業,ドラッグストア,一般事務,38名,京都府舞鶴市,発注管理の手書き→GAS自動化で欠品率80%削減,商品発注・在庫管理をデジタル化で店舗運営効率化,手書きによる発注管理をGoogleフォームとGASで自動化し、欠品率の大幅削減と在庫最適化を実現。店舗の売上機会損失を防止。,小規模ドラッグストアでは多品目の在庫管理が重要だが、手書き管理では発注タイミングの判断が困難で、欠品や過剰在庫が頻発。,1.発注タイミングの判断困難 2.欠品による売上機会損失 3.過剰在庫による資金圧迫 4.発注業務の時間的負担,欠品発生：月平均150件／発注作業：週2回各3時間／在庫確認：毎日1時間／過剰在庫：月末時点で売上の25%,在庫確認→手書きメモ→発注判断→FAX発注→納期確認という非効率な流れ,「発注量が分からない」「欠品を起こしたくない」「在庫管理が大変」,Googleフォーム、Google Apps Script、Googleスプレッドシート、ChatGPT,1.商品分類・在庫分析 2.発注管理フォーム作成 3.GASによる自動発注提案機能構築 4.在庫アラート機能追加 5.事務研修実施,発注システム操作方法、在庫データ入力手順、発注提案の確認方法、アラート対応手順,商品別発注点設定、季節変動考慮、売上連動発注、緊急発注アラート,3週間（商品分析1週間、構築・テスト・研修2週間）,欠品発生：150件→30件（80%削減）／発注作業時間：6時間→1時間（83%削減）／過剰在庫：25%→10%（60%削減）,週5時間短縮、月間20時間の作業時間削減,人件費月5万円削減、在庫効率化で月30万円のキャッシュフロー改善,在庫精度向上、顧客満足度向上、売上機会損失防止,薬剤師の業務効率化、顧客対応時間増加、店舗運営の安定化,商品特性に応じた発注ロジック、直感的な操作画面、継続的な改善,「発注が楽になった」「欠品の心配がない」と事務担当の満足度向上,POSデータ連携、需要予測機能、仕入先システム連携の追加,商品特性の考慮、直感的な操作性、継続的な改善,Googleフォーム（在庫入力）、GAS（発注提案・アラート）、スプレッドシート（在庫管理）、ChatGPT（需要分析）,POSシステム、仕入管理システムとのデータ連携,在庫データ入力→GAS分析処理→発注提案→発注実行→在庫更新,在庫データの暗号化、仕入先情報保護、アクセス権限管理、操作ログ管理,事例のみ,,,,2025-07-08,,,"事務・バックオフィス,小売業,一般事務,業務効率化,GAS"
519,小売業,衣料品店,受付,38名,北海道函館市,小売業の受付向け事務効率化事例,GASとGoogleフォーム活用によるバックオフィス業務最適化,小売業における受付の事務業務をGoogleフォームとGASで効率化した事例。,小売業特有の事務課題に対して、地方中小企業でも導入可能な解決策を提供。,1.手作業による事務負担 2.データ管理の困難 3.処理時間の長さ 4.ミスの発生リスク,事務作業：1日4-5時間／データ処理：週1回半日／ミス発生：月5-10件,従来の手作業による非効率な事務フロー,「事務作業が大変」「ミスが心配」「時間がかかる」,Googleフォーム、Google Apps Script、Googleスプレッドシート、ChatGPT,1.現状分析 2.事務システム設計 3.GAS機能構築 4.テスト実施 5.研修実施,システム操作方法、データ処理手順、エラー対応方法,小売業に特化した事務機能、現場に合わせた操作性改善,2-3週間（分析・設計・構築・研修含む）,事務作業40-60%削減、処理精度80-95%向上、ミス件数70-90%削減,1日2-3時間短縮、月間60-90時間の作業時間削減,人件費月8-15万円削減、ミスによる損失大幅削減,事務品質向上、処理スピード向上、顧客満足度向上,スタッフのモチベーション向上、他業務への集中、職場環境改善,現場重視の設計、継続的な改善、段階的な導入,「事務作業が楽になった」「ミスの不安がない」と事務担当の満足度向上,機能拡張、他システム連携、AI活用による高度化,現場重視の設計、継続的な改善、段階的な導入の重要性,Googleフォーム（入力）、GAS（自動化・処理）、スプレッドシート（管理）、ChatGPT（分析）,既存の基幹システム、会計システムとのデータ連携,情報入力→自動処理→データ管理→分析→業務改善,データ暗号化、アクセス制限、バックアップ、ログ管理,事例のみ,,,,2025-07-08,,,"事務・バックオフィス,小売業,受付,業務効率化,GAS"
550,小売業,衣料品店,営業事務,8名,京都府舞鶴市,小売業の営業事務向け事務効率化事例,GASとGoogleフォーム活用によるバックオフィス業務最適化,小売業における営業事務の事務業務をGoogleフォームとGASで効率化した事例。,小売業特有の事務課題に対して、地方中小企業でも導入可能な解決策を提供。,1.手作業による事務負担 2.データ管理の困難 3.処理時間の長さ 4.ミスの発生リスク,事務作業：1日4-5時間／データ処理：週1回半日／ミス発生：月5-10件,従来の手作業による非効率な事務フロー,「事務作業が大変」「ミスが心配」「時間がかかる」,Googleフォーム、Google Apps Script、Googleスプレッドシート、ChatGPT,1.現状分析 2.事務システム設計 3.GAS機能構築 4.テスト実施 5.研修実施,システム操作方法、データ処理手順、エラー対応方法,小売業に特化した事務機能、現場に合わせた操作性改善,2-3週間（分析・設計・構築・研修含む）,事務作業40-60%削減、処理精度80-95%向上、ミス件数70-90%削減,1日2-3時間短縮、月間60-90時間の作業時間削減,人件費月8-15万円削減、ミスによる損失大幅削減,事務品質向上、処理スピード向上、顧客満足度向上,スタッフのモチベーション向上、他業務への集中、職場環境改善,現場重視の設計、継続的な改善、段階的な導入,「事務作業が楽になった」「ミスの不安がない」と事務担当の満足度向上,機能拡張、他システム連携、AI活用による高度化,現場重視の設計、継続的な改善、段階的な導入の重要性,Googleフォーム（入力）、GAS（自動化・処理）、スプレッドシート（管理）、ChatGPT（分析）,既存の基幹システム、会計システムとのデータ連携,情報入力→自動処理→データ管理→分析→業務改善,データ暗号化、アクセス制限、バックアップ、ログ管理,事例のみ,,,,2025-07-08,,,"事務・バックオフィス,小売業,営業事務,業務効率化,GAS"
552,小売業,衣料品店,販売員,28名,新潟県三条市,接客記録の手書き→GAS自動化で売上25%向上,顧客の購買傾向をデータ化して個別提案力を強化,手書きによる接客記録をGoogleフォームとGASで自動化し、顧客データの活用による個別提案と売上向上を実現。,衣料品店では顧客の好みや購買履歴を把握した個別提案が重要だが、手書き記録では情報活用が困難で、リピート促進に限界。,1.顧客の好み把握困難 2.購買履歴の活用不足 3.季節商品の提案タイミング逸失 4.リピート率の低迷,売上前年比：95%／接客記録：手書きメモ／リピート率：30%／顧客情報確認：1件5分,接客→手書きメモ→情報整理→次回提案という非効率で情報が活用されない流れ,「顧客を覚えきれない」「提案が的外れになる」「売上が伸びない」,Googleフォーム、Google Apps Script、Googleスプレッドシート、ChatGPT,1.接客記録の標準化 2.顧客管理システム設計 3.GASによる分析機能構築 4.提案支援機能追加 5.販売員研修実施,顧客記録入力方法、購買傾向分析の見方、提案タイミング判断、季節商品提案方法,ファッション特化の顧客分析、サイズ・色彩記録、季節提案機能、コーディネート記録,3週間（記録標準化1週間、構築・テスト・研修2週間）,売上：前年比125%（25%向上）／リピート率：30%→45%（50%向上）／顧客満足度：40%向上,1日30分短縮、月間15時間の作業時間削減,在庫効率化で月20万円改善、販売効率向上による人件費最適化,接客品質向上、顧客満足度向上、ブランドイメージ向上,販売員のモチベーション向上、顧客との関係深化、口コミ増加,ファッション業界特有のニーズ把握、個人店の強みを活かした接客、継続的な関係構築,「顧客のことがよく分かる」「提案に自信が持てる」と販売員の満足度向上,SNS連携、トレンド分析、オンライン接客機能の追加,業界特性の理解、個別対応の重要性、継続的な関係構築,Googleフォーム（接客記録）、GAS（分析・提案）、スプレッドシート（顧客管理）、ChatGPT（トレンド分析）,POSシステム、在庫管理システムとのデータ連携,接客記録入力→顧客分析→提案生成→接客実行→結果評価,顧客データの暗号化、個人情報保護、アクセス権限管理、プライバシー設定,事例のみ,,,,2025-07-08,,,"営業・販売・接客,小売業,販売員,業務効率化,GAS"
564,小売業,食品小売,接客スタッフ,35名,岡山県玉野市,小売業の接客スタッフ向け営業・接客効率化事例,GASとGoogleフォーム活用による顧客対応最適化,小売業における接客スタッフの営業・接客業務をGoogleフォームとGASで効率化した事例。,小売業特有の営業・接客課題に対して、地方中小企業でも導入可能な解決策を提供。,1.顧客情報の管理困難 2.営業・接客効率の低さ 3.顧客満足度の課題 4.売上・成約率の伸び悩み,顧客対応：1日4-6時間／顧客満足度：60-70%／売上・成約率：業界平均以下,従来の手作業による非効率な顧客対応フロー,「顧客対応が大変」「効率が悪い」「売上が伸びない」,Googleフォーム、Google Apps Script、Googleスプレッドシート、ChatGPT,1.現状分析 2.顧客管理システム設計 3.GAS機能構築 4.テスト実施 5.研修実施,システム操作方法、顧客対応手順、データ活用方法,小売業に特化した顧客管理機能、現場に合わせた操作性改善,2-4週間（分析・設計・構築・研修含む）,顧客対応効率30-50%向上、顧客満足度20-40%向上、売上・成約率10-30%向上,1日1-2時間短縮、月間30-60時間の作業時間削減,人件費月5-12万円削減、顧客獲得コスト削減,顧客対応品質向上、満足度向上、関係性強化,スタッフのモチベーション向上、顧客との関係深化、口コミ効果,顧客重視の設計、継続的な改善、データ活用,「顧客対応がしやすくなった」「やりがいを感じる」とスタッフの満足度向上,機能拡張、AI活用、オンライン対応強化,顧客重視の設計、継続的な改善、データ活用の重要性,Googleフォーム（顧客情報入力）、GAS（自動化・分析）、スプレッドシート（管理）、ChatGPT（顧客分析）,既存の販売管理システム、顧客管理システムとのデータ連携,顧客情報入力→分析処理→対応支援→実行→結果評価,顧客データの暗号化、個人情報保護、アクセス制限、プライバシー管理,事例のみ,,,,2025-07-08,,,"営業・販売・接客,小売業,接客スタッフ,業務効率化,GAS"
580,小売業,食品小売,受付スタッフ,28名,新潟県三条市,小売業の受付スタッフ向け営業・接客効率化事例,GASとGoogleフォーム活用による顧客対応最適化,小売業における受付スタッフの営業・接客業務をGoogleフォームとGASで効率化した事例。,小売業特有の営業・接客課題に対して、地方中小企業でも導入可能な解決策を提供。,1.顧客情報の管理困難 2.営業・接客効率の低さ 3.顧客満足度の課題 4.売上・成約率の伸び悩み,顧客対応：1日4-6時間／顧客満足度：60-70%／売上・成約率：業界平均以下,従来の手作業による非効率な顧客対応フロー,「顧客対応が大変」「効率が悪い」「売上が伸びない」,Googleフォーム、Google Apps Script、Googleスプレッドシート、ChatGPT,1.現状分析 2.顧客管理システム設計 3.GAS機能構築 4.テスト実施 5.研修実施,システム操作方法、顧客対応手順、データ活用方法,小売業に特化した顧客管理機能、現場に合わせた操作性改善,2-4週間（分析・設計・構築・研修含む）,顧客対応効率30-50%向上、顧客満足度20-40%向上、売上・成約率10-30%向上,1日1-2時間短縮、月間30-60時間の作業時間削減,人件費月5-12万円削減、顧客獲得コスト削減,顧客対応品質向上、満足度向上、関係性強化,スタッフのモチベーション向上、顧客との関係深化、口コミ効果,顧客重視の設計、継続的な改善、データ活用,「顧客対応がしやすくなった」「やりがいを感じる」とスタッフの満足度向上,機能拡張、AI活用、オンライン対応強化,顧客重視の設計、継続的な改善、データ活用の重要性,Googleフォーム（顧客情報入力）、GAS（自動化・分析）、スプレッドシート（管理）、ChatGPT（顧客分析）,既存の販売管理システム、顧客管理システムとのデータ連携,顧客情報入力→分析処理→対応支援→実行→結果評価,顧客データの暗号化、個人情報保護、アクセス制限、プライバシー管理,事例のみ,,,,2025-07-08,,,"営業・販売・接客,小売業,受付スタッフ,業務効率化,GAS"
584,小売業,食品小売,窓口業務,8名,埼玉県草加市,小売業の窓口業務向け営業・接客効率化事例,GASとGoogleフォーム活用による顧客対応最適化,小売業における窓口業務の営業・接客業務をGoogleフォームとGASで効率化した事例。,小売業特有の営業・接客課題に対して、地方中小企業でも導入可能な解決策を提供。,1.顧客情報の管理困難 2.営業・接客効率の低さ 3.顧客満足度の課題 4.売上・成約率の伸び悩み,顧客対応：1日4-6時間／顧客満足度：60-70%／売上・成約率：業界平均以下,従来の手作業による非効率な顧客対応フロー,「顧客対応が大変」「効率が悪い」「売上が伸びない」,Googleフォーム、Google Apps Script、Googleスプレッドシート、ChatGPT,1.現状分析 2.顧客管理システム設計 3.GAS機能構築 4.テスト実施 5.研修実施,システム操作方法、顧客対応手順、データ活用方法,小売業に特化した顧客管理機能、現場に合わせた操作性改善,2-4週間（分析・設計・構築・研修含む）,顧客対応効率30-50%向上、顧客満足度20-40%向上、売上・成約率10-30%向上,1日1-2時間短縮、月間30-60時間の作業時間削減,人件費月5-12万円削減、顧客獲得コスト削減,顧客対応品質向上、満足度向上、関係性強化,スタッフのモチベーション向上、顧客との関係深化、口コミ効果,顧客重視の設計、継続的な改善、データ活用,「顧客対応がしやすくなった」「やりがいを感じる」とスタッフの満足度向上,機能拡張、AI活用、オンライン対応強化,顧客重視の設計、継続的な改善、データ活用の重要性,Googleフォーム（顧客情報入力）、GAS（自動化・分析）、スプレッドシート（管理）、ChatGPT（顧客分析）,既存の販売管理システム、顧客管理システムとのデータ連携,顧客情報入力→分析処理→対応支援→実行→結果評価,顧客データの暗号化、個人情報保護、アクセス制限、プライバシー管理,事例のみ,,,,2025-07-08,,,"営業・販売・接客,小売業,窓口業務,業務効率化,GAS"
585,小売業,ドラッグストア,販売員,42名,愛知県刈谷市,小売業の販売員向け営業・接客効率化事例,GASとGoogleフォーム活用による顧客対応最適化,小売業における販売員の営業・接客業務をGoogleフォームとGASで効率化した事例。,小売業特有の営業・接客課題に対して、地方中小企業でも導入可能な解決策を提供。,1.顧客情報の管理困難 2.営業・接客効率の低さ 3.顧客満足度の課題 4.売上・成約率の伸び悩み,顧客対応：1日4-6時間／顧客満足度：60-70%／売上・成約率：業界平均以下,従来の手作業による非効率な顧客対応フロー,「顧客対応が大変」「効率が悪い」「売上が伸びない」,Googleフォーム、Google Apps Script、Googleスプレッドシート、ChatGPT,1.現状分析 2.顧客管理システム設計 3.GAS機能構築 4.テスト実施 5.研修実施,システム操作方法、顧客対応手順、データ活用方法,小売業に特化した顧客管理機能、現場に合わせた操作性改善,2-4週間（分析・設計・構築・研修含む）,顧客対応効率30-50%向上、顧客満足度20-40%向上、売上・成約率10-30%向上,1日1-2時間短縮、月間30-60時間の作業時間削減,人件費月5-12万円削減、顧客獲得コスト削減,顧客対応品質向上、満足度向上、関係性強化,スタッフのモチベーション向上、顧客との関係深化、口コミ効果,顧客重視の設計、継続的な改善、データ活用,「顧客対応がしやすくなった」「やりがいを感じる」とスタッフの満足度向上,機能拡張、AI活用、オンライン対応強化,顧客重視の設計、継続的な改善、データ活用の重要性,Googleフォーム（顧客情報入力）、GAS（自動化・分析）、スプレッドシート（管理）、ChatGPT（顧客分析）,既存の販売管理システム、顧客管理システムとのデータ連携,顧客情報入力→分析処理→対応支援→実行→結果評価,顧客データの暗号化、個人情報保護、アクセス制限、プライバシー管理,事例のみ,,,,2025-07-08,,,"営業・販売・接客,小売業,販売員,業務効率化,GAS"
592,小売業,食品小売,カウンタースタッフ,22名,北海道小樽市,小売業のカウンタースタッフ向け営業・接客効率化事例,GASとGoogleフォーム活用による顧客対応最適化,小売業におけるカウンタースタッフの営業・接客業務をGoogleフォームとGASで効率化した事例。,小売業特有の営業・接客課題に対して、地方中小企業でも導入可能な解決策を提供。,1.顧客情報の管理困難 2.営業・接客効率の低さ 3.顧客満足度の課題 4.売上・成約率の伸び悩み,顧客対応：1日4-6時間／顧客満足度：60-70%／売上・成約率：業界平均以下,従来の手作業による非効率な顧客対応フロー,「顧客対応が大変」「効率が悪い」「売上が伸びない」,Googleフォーム、Google Apps Script、Googleスプレッドシート、ChatGPT,1.現状分析 2.顧客管理システム設計 3.GAS機能構築 4.テスト実施 5.研修実施,システム操作方法、顧客対応手順、データ活用方法,小売業に特化した顧客管理機能、現場に合わせた操作性改善,2-4週間（分析・設計・構築・研修含む）,顧客対応効率30-50%向上、顧客満足度20-40%向上、売上・成約率10-30%向上,1日1-2時間短縮、月間30-60時間の作業時間削減,人件費月5-12万円削減、顧客獲得コスト削減,顧客対応品質向上、満足度向上、関係性強化,スタッフのモチベーション向上、顧客との関係深化、口コミ効果,顧客重視の設計、継続的な改善、データ活用,「顧客対応がしやすくなった」「やりがいを感じる」とスタッフの満足度向上,機能拡張、AI活用、オンライン対応強化,顧客重視の設計、継続的な改善、データ活用の重要性,Googleフォーム（顧客情報入力）、GAS（自動化・分析）、スプレッドシート（管理）、ChatGPT（顧客分析）,既存の販売管理システム、顧客管理システムとのデータ連携,顧客情報入力→分析処理→対応支援→実行→結果評価,顧客データの暗号化、個人情報保護、アクセス制限、プライバシー管理,事例のみ,,,,2025-07-08,,,"営業・販売・接客,小売業,カウンタースタッフ,業務効率化,GAS"
602,小売業,衣料品店,SNS担当,32名,東京都杉並区,SNS投稿の手作業→GAS自動化でフォロワー数200%向上,商品紹介とトレンド発信をデジタル化して売上拡大,手作業によるSNS運用をGoogleフォームとGASで自動化し、効率的な情報発信とフォロワー獲得で売上向上を実現。,個人経営の衣料品店では SNS運用の重要性は理解していても、継続的な投稿が困難で、フォロワー獲得に苦戦。,1.投稿ネタの不足 2.投稿時間の確保困難 3.フォロワー数の伸び悩み 4.売上への効果測定困難,SNS投稿：週2-3回／フォロワー数：500人／投稿準備：1回2時間／SNS経由売上：月5万円,商品撮影→画像編集→文章作成→投稿→効果確認という時間のかかる流れ,「投稿が大変」「ネタが思いつかない」「効果が見えない」,Googleフォーム、Google Apps Script、Googleスプレッドシート、ChatGPT、Canva,1.SNS戦略立案 2.投稿管理システム設計 3.GASによる自動投稿機能構築 4.コンテンツ作成支援機能追加 5.SNS運用研修実施,自動投稿システム操作方法、コンテンツ作成手法、効果測定方法、フォロワー獲得手法,ファッション特化の投稿テンプレート、商品別投稿生成、トレンド情報連携、効果分析機能,3週間（戦略立案1週間、構築・テスト・研修2週間）,"フォロワー数：500人→1,500人（200%向上）／投稿準備時間：2時間→30分（75%削減）／SNS経由売上：5万円→20万円（300%向上）",週2.5時間短縮、月間10時間の作業時間削減,SNS広告費50%削減、集客コスト40%削減,SNS投稿品質向上、ブランド認知度向上、顧客エンゲージメント向上,店舗への来客増加、口コミ効果、地域での知名度向上,ファッション業界特有のトレンド把握、継続的な投稿、コミュニティ構築,「SNS運用が楽になった」「お客様の反応が楽しい」とSNS担当の満足度向上,ライブ配信機能、インフルエンサー連携、EC連携の追加,継続性の重要性、コミュニティ構築、効果測定の活用,Googleフォーム（投稿準備）、GAS（自動投稿・分析）、スプレッドシート（管理）、ChatGPT（コンテンツ生成）,SNSプラットフォーム、商品管理システム、ECサイトとの連携,商品情報入力→投稿コンテンツ生成→自動投稿→効果測定→改善アクション,SNSアカウントのセキュリティ対策、商品情報保護、投稿権限管理、ブランド保護,事例のみ,,,,2025-07-08,,,"マーケティング・Web担当,小売業,SNS担当,業務効率化,GAS"
607,小売業,ドラッグストア,デジタルマーケティング担当,8名,北海道釧路市,小売業のデジタルマーケティング担当向けデジタルマーケティング効率化事例,GASとGoogleフォーム活用による集客・広報最適化,小売業におけるデジタルマーケティング担当のマーケティング業務をGoogleフォームとGASで効率化した事例。,小売業特有のマーケティング課題に対して、地方中小企業でも導入可能な解決策を提供。,1.マーケティング業務の手作業負担 2.効果測定の困難 3.集客効果の限界 4.コンテンツ作成の時間不足,マーケティング業務：1日2-4時間／集客効果：業界平均以下／コンテンツ作成：週数時間,従来の手作業による非効率なマーケティングフロー,「マーケティングが大変」「効果が見えない」「時間がかかる」,Googleフォーム、Google Apps Script、Googleスプレッドシート、ChatGPT,1.現状分析 2.マーケティングシステム設計 3.GAS機能構築 4.テスト実施 5.研修実施,システム操作方法、効果測定手順、コンテンツ作成支援機能活用法,小売業に特化したマーケティング機能、効果測定機能、コンテンツ生成支援,3-4週間（分析・設計・構築・研修含む）,マーケティング効率40-60%向上、集客効果50-200%向上、コンテンツ作成時間50-70%削減,1日1-3時間短縮、月間30-90時間の作業時間削減,マーケティング費用20-50%削減、集客コスト30-60%削減,マーケティング品質向上、集客効果向上、ブランド認知度向上,売上向上、顧客エンゲージメント向上、競合優位性向上,業界特性の理解、継続的な改善、データ活用,「マーケティングが戦略的になった」「効果を実感できる」と担当者の満足度向上,AI活用、オムニチャネル対応、高度な分析機能の追加,継続性の重要性、効果測定の活用、業界特性の考慮,Googleフォーム（情報入力）、GAS（自動化・分析）、スプレッドシート（管理）、ChatGPT（コンテンツ生成）,既存のWebサイト、顧客管理システム、SNSとの連携,情報入力→自動処理→コンテンツ生成→配信→効果測定,マーケティングデータの保護、顧客情報管理、ブランド保護、配信権限管理,事例のみ,,,,2025-07-08,,,"マーケティング・Web担当,小売業,デジタルマーケティング担当,業務効率化,GAS"
608,小売業,衣料品店,Webデザイナー,45名,静岡県富士市,小売業のWebデザイナー向けデジタルマーケティング効率化事例,GASとGoogleフォーム活用による集客・広報最適化,小売業におけるWebデザイナーのマーケティング業務をGoogleフォームとGASで効率化した事例。,小売業特有のマーケティング課題に対して、地方中小企業でも導入可能な解決策を提供。,1.マーケティング業務の手作業負担 2.効果測定の困難 3.集客効果の限界 4.コンテンツ作成の時間不足,マーケティング業務：1日2-4時間／集客効果：業界平均以下／コンテンツ作成：週数時間,従来の手作業による非効率なマーケティングフロー,「マーケティングが大変」「効果が見えない」「時間がかかる」,Googleフォーム、Google Apps Script、Googleスプレッドシート、ChatGPT,1.現状分析 2.マーケティングシステム設計 3.GAS機能構築 4.テスト実施 5.研修実施,システム操作方法、効果測定手順、コンテンツ作成支援機能活用法,小売業に特化したマーケティング機能、効果測定機能、コンテンツ生成支援,3-4週間（分析・設計・構築・研修含む）,マーケティング効率40-60%向上、集客効果50-200%向上、コンテンツ作成時間50-70%削減,1日1-3時間短縮、月間30-90時間の作業時間削減,マーケティング費用20-50%削減、集客コスト30-60%削減,マーケティング品質向上、集客効果向上、ブランド認知度向上,売上向上、顧客エンゲージメント向上、競合優位性向上,業界特性の理解、継続的な改善、データ活用,「マーケティングが戦略的になった」「効果を実感できる」と担当者の満足度向上,AI活用、オムニチャネル対応、高度な分析機能の追加,継続性の重要性、効果測定の活用、業界特性の考慮,Googleフォーム（情報入力）、GAS（自動化・分析）、スプレッドシート（管理）、ChatGPT（コンテンツ生成）,既存のWebサイト、顧客管理システム、SNSとの連携,情報入力→自動処理→コンテンツ生成→配信→効果測定,マーケティングデータの保護、顧客情報管理、ブランド保護、配信権限管理,事例のみ,,,,2025-07-08,,,"マーケティング・Web担当,小売業,Webデザイナー,業務効率化,GAS"
614,小売業,家電販売,デジタルマーケティング担当,12名,宮城県多賀城市,小売業のデジタルマーケティング担当向けデジタルマーケティング効率化事例,GASとGoogleフォーム活用による集客・広報最適化,小売業におけるデジタルマーケティング担当のマーケティング業務をGoogleフォームとGASで効率化した事例。,小売業特有のマーケティング課題に対して、地方中小企業でも導入可能な解決策を提供。,1.マーケティング業務の手作業負担 2.効果測定の困難 3.集客効果の限界 4.コンテンツ作成の時間不足,マーケティング業務：1日2-4時間／集客効果：業界平均以下／コンテンツ作成：週数時間,従来の手作業による非効率なマーケティングフロー,「マーケティングが大変」「効果が見えない」「時間がかかる」,Googleフォーム、Google Apps Script、Googleスプレッドシート、ChatGPT,1.現状分析 2.マーケティングシステム設計 3.GAS機能構築 4.テスト実施 5.研修実施,システム操作方法、効果測定手順、コンテンツ作成支援機能活用法,小売業に特化したマーケティング機能、効果測定機能、コンテンツ生成支援,3-4週間（分析・設計・構築・研修含む）,マーケティング効率40-60%向上、集客効果50-200%向上、コンテンツ作成時間50-70%削減,1日1-3時間短縮、月間30-90時間の作業時間削減,マーケティング費用20-50%削減、集客コスト30-60%削減,マーケティング品質向上、集客効果向上、ブランド認知度向上,売上向上、顧客エンゲージメント向上、競合優位性向上,業界特性の理解、継続的な改善、データ活用,「マーケティングが戦略的になった」「効果を実感できる」と担当者の満足度向上,AI活用、オムニチャネル対応、高度な分析機能の追加,継続性の重要性、効果測定の活用、業界特性の考慮,Googleフォーム（情報入力）、GAS（自動化・分析）、スプレッドシート（管理）、ChatGPT（コンテンツ生成）,既存のWebサイト、顧客管理システム、SNSとの連携,情報入力→自動処理→コンテンツ生成→配信→効果測定,マーケティングデータの保護、顧客情報管理、ブランド保護、配信権限管理,事例のみ,,,,2025-07-08,,,"マーケティング・Web担当,小売業,デジタルマーケティング担当,業務効率化,GAS"
626,小売業,ドラッグストア,販促担当,8名,神奈川県平塚市,小売業の販促担当向けデジタルマーケティング効率化事例,GASとGoogleフォーム活用による集客・広報最適化,小売業における販促担当のマーケティング業務をGoogleフォームとGASで効率化した事例。,小売業特有のマーケティング課題に対して、地方中小企業でも導入可能な解決策を提供。,1.マーケティング業務の手作業負担 2.効果測定の困難 3.集客効果の限界 4.コンテンツ作成の時間不足,マーケティング業務：1日2-4時間／集客効果：業界平均以下／コンテンツ作成：週数時間,従来の手作業による非効率なマーケティングフロー,「マーケティングが大変」「効果が見えない」「時間がかかる」,Googleフォーム、Google Apps Script、Googleスプレッドシート、ChatGPT,1.現状分析 2.マーケティングシステム設計 3.GAS機能構築 4.テスト実施 5.研修実施,システム操作方法、効果測定手順、コンテンツ作成支援機能活用法,小売業に特化したマーケティング機能、効果測定機能、コンテンツ生成支援,3-4週間（分析・設計・構築・研修含む）,マーケティング効率40-60%向上、集客効果50-200%向上、コンテンツ作成時間50-70%削減,1日1-3時間短縮、月間30-90時間の作業時間削減,マーケティング費用20-50%削減、集客コスト30-60%削減,マーケティング品質向上、集客効果向上、ブランド認知度向上,売上向上、顧客エンゲージメント向上、競合優位性向上,業界特性の理解、継続的な改善、データ活用,「マーケティングが戦略的になった」「効果を実感できる」と担当者の満足度向上,AI活用、オムニチャネル対応、高度な分析機能の追加,継続性の重要性、効果測定の活用、業界特性の考慮,Googleフォーム（情報入力）、GAS（自動化・分析）、スプレッドシート（管理）、ChatGPT（コンテンツ生成）,既存のWebサイト、顧客管理システム、SNSとの連携,情報入力→自動処理→コンテンツ生成→配信→効果測定,マーケティングデータの保護、顧客情報管理、ブランド保護、配信権限管理,事例のみ,,,,2025-07-08,,,"マーケティング・Web担当,小売業,販促担当,業務効率化,GAS"
628,小売業,ドラッグストア,SNS担当,25名,大阪府枚方市,小売業のSNS担当向けデジタルマーケティング効率化事例,GASとGoogleフォーム活用による集客・広報最適化,小売業におけるSNS担当のマーケティング業務をGoogleフォームとGASで効率化した事例。,小売業特有のマーケティング課題に対して、地方中小企業でも導入可能な解決策を提供。,1.マーケティング業務の手作業負担 2.効果測定の困難 3.集客効果の限界 4.コンテンツ作成の時間不足,マーケティング業務：1日2-4時間／集客効果：業界平均以下／コンテンツ作成：週数時間,従来の手作業による非効率なマーケティングフロー,「マーケティングが大変」「効果が見えない」「時間がかかる」,Googleフォーム、Google Apps Script、Googleスプレッドシート、ChatGPT,1.現状分析 2.マーケティングシステム設計 3.GAS機能構築 4.テスト実施 5.研修実施,システム操作方法、効果測定手順、コンテンツ作成支援機能活用法,小売業に特化したマーケティング機能、効果測定機能、コンテンツ生成支援,3-4週間（分析・設計・構築・研修含む）,マーケティング効率40-60%向上、集客効果50-200%向上、コンテンツ作成時間50-70%削減,1日1-3時間短縮、月間30-90時間の作業時間削減,マーケティング費用20-50%削減、集客コスト30-60%削減,マーケティング品質向上、集客効果向上、ブランド認知度向上,売上向上、顧客エンゲージメント向上、競合優位性向上,業界特性の理解、継続的な改善、データ活用,「マーケティングが戦略的になった」「効果を実感できる」と担当者の満足度向上,AI活用、オムニチャネル対応、高度な分析機能の追加,継続性の重要性、効果測定の活用、業界特性の考慮,Googleフォーム（情報入力）、GAS（自動化・分析）、スプレッドシート（管理）、ChatGPT（コンテンツ生成）,既存のWebサイト、顧客管理システム、SNSとの連携,情報入力→自動処理→コンテンツ生成→配信→効果測定,マーケティングデータの保護、顧客情報管理、ブランド保護、配信権限管理,事例のみ,,,,2025-07-08,,,"マーケティング・Web担当,小売業,SNS担当,業務効率化,GAS"
662,小売業,食品小売,医療事務担当,50名,兵庫県豊岡市,小売業の医療事務担当向け現場管理効率化事例,GASとGoogleフォーム活用による専門業務最適化,小売業における医療事務担当の現場管理業務をGoogleフォームとGASで効率化した事例。,小売業特有の現場管理課題に対して、地方中小企業でも導入可能な解決策を提供。,1.現場データの管理困難 2.記録・報告業務の負担 3.品質・安全管理の課題 4.効率化の限界,現場管理業務：1日3-5時間／記録作業：週数時間／管理精度：業界平均レベル,従来の手作業による非効率な現場管理フロー,「現場管理が大変」「記録が面倒」「効率が悪い」,Googleフォーム、Google Apps Script、Googleスプレッドシート、ChatGPT,1.現状分析 2.現場管理システム設計 3.GAS機能構築 4.テスト実施 5.研修実施,システム操作方法、現場データ入力手順、分析結果確認方法,小売業に特化した現場管理機能、専門業務に合わせた操作性改善,3-4週間（分析・設計・構築・研修含む）,現場管理効率40-60%向上、記録作業時間50-70%削減、管理品質20-50%向上,1日1-3時間短縮、月間30-90時間の作業時間削減,人件費月8-20万円削減、品質・安全コスト削減,現場管理品質向上、専門業務品質向上、安全性向上,スタッフのモチベーション向上、専門性の向上、職場環境改善,現場重視の設計、専門性の考慮、継続的な改善,「現場管理がしやすくなった」「専門業務に集中できる」と担当者の満足度向上,機能拡張、IoT連携、AI活用による高度化,現場重視の設計、専門性の考慮、継続的な改善の重要性,Googleフォーム（現場データ入力）、GAS（自動化・分析）、スプレッドシート（管理）、ChatGPT（専門分析）,既存の専門システム、管理システムとのデータ連携,現場データ入力→自動処理→分析→管理支援→品質向上,現場データの暗号化、専門情報保護、アクセス制限、業務ログ管理,事例のみ,,,,2025-07-08,,,"現場管理・専門職,小売業,医療事務担当,業務効率化,GAS"
669,小売業,食品小売,品質管理担当,25名,千葉県成田市,小売業の品質管理担当向け現場管理効率化事例,GASとGoogleフォーム活用による専門業務最適化,小売業における品質管理担当の現場管理業務をGoogleフォームとGASで効率化した事例。,小売業特有の現場管理課題に対して、地方中小企業でも導入可能な解決策を提供。,1.現場データの管理困難 2.記録・報告業務の負担 3.品質・安全管理の課題 4.効率化の限界,現場管理業務：1日3-5時間／記録作業：週数時間／管理精度：業界平均レベル,従来の手作業による非効率な現場管理フロー,「現場管理が大変」「記録が面倒」「効率が悪い」,Googleフォーム、Google Apps Script、Googleスプレッドシート、ChatGPT,1.現状分析 2.現場管理システム設計 3.GAS機能構築 4.テスト実施 5.研修実施,システム操作方法、現場データ入力手順、分析結果確認方法,小売業に特化した現場管理機能、専門業務に合わせた操作性改善,3-4週間（分析・設計・構築・研修含む）,現場管理効率40-60%向上、記録作業時間50-70%削減、管理品質20-50%向上,1日1-3時間短縮、月間30-90時間の作業時間削減,人件費月8-20万円削減、品質・安全コスト削減,現場管理品質向上、専門業務品質向上、安全性向上,スタッフのモチベーション向上、専門性の向上、職場環境改善,現場重視の設計、専門性の考慮、継続的な改善,「現場管理がしやすくなった」「専門業務に集中できる」と担当者の満足度向上,機能拡張、IoT連携、AI活用による高度化,現場重視の設計、専門性の考慮、継続的な改善の重要性,Googleフォーム（現場データ入力）、GAS（自動化・分析）、スプレッドシート（管理）、ChatGPT（専門分析）,既存の専門システム、管理システムとのデータ連携,現場データ入力→自動処理→分析→管理支援→品質向上,現場データの暗号化、専門情報保護、アクセス制限、業務ログ管理,事例のみ,,,,2025-07-08,,,"現場管理・専門職,小売業,品質管理担当,業務効率化,GAS"
673,小売業,食品小売,在庫管理担当,45名,広島県三原市,小売業の在庫管理担当向け現場管理効率化事例,GASとGoogleフォーム活用による専門業務最適化,小売業における在庫管理担当の現場管理業務をGoogleフォームとGASで効率化した事例。,小売業特有の現場管理課題に対して、地方中小企業でも導入可能な解決策を提供。,1.現場データの管理困難 2.記録・報告業務の負担 3.品質・安全管理の課題 4.効率化の限界,現場管理業務：1日3-5時間／記録作業：週数時間／管理精度：業界平均レベル,従来の手作業による非効率な現場管理フロー,「現場管理が大変」「記録が面倒」「効率が悪い」,Googleフォーム、Google Apps Script、Googleスプレッドシート、ChatGPT,1.現状分析 2.現場管理システム設計 3.GAS機能構築 4.テスト実施 5.研修実施,システム操作方法、現場データ入力手順、分析結果確認方法,小売業に特化した現場管理機能、専門業務に合わせた操作性改善,3-4週間（分析・設計・構築・研修含む）,現場管理効率40-60%向上、記録作業時間50-70%削減、管理品質20-50%向上,1日1-3時間短縮、月間30-90時間の作業時間削減,人件費月8-20万円削減、品質・安全コスト削減,現場管理品質向上、専門業務品質向上、安全性向上,スタッフのモチベーション向上、専門性の向上、職場環境改善,現場重視の設計、専門性の考慮、継続的な改善,「現場管理がしやすくなった」「専門業務に集中できる」と担当者の満足度向上,機能拡張、IoT連携、AI活用による高度化,現場重視の設計、専門性の考慮、継続的な改善の重要性,Googleフォーム（現場データ入力）、GAS（自動化・分析）、スプレッドシート（管理）、ChatGPT（専門分析）,既存の専門システム、管理システムとのデータ連携,現場データ入力→自動処理→分析→管理支援→品質向上,現場データの暗号化、専門情報保護、アクセス制限、業務ログ管理,事例のみ,,,,2025-07-08,,,"現場管理・専門職,小売業,在庫管理担当,業務効率化,GAS"
688,小売業,ドラッグストア,安全管理者,38名,東京都北区,小売業の安全管理者向け現場管理効率化事例,GASとGoogleフォーム活用による専門業務最適化,小売業における安全管理者の現場管理業務をGoogleフォームとGASで効率化した事例。,小売業特有の現場管理課題に対して、地方中小企業でも導入可能な解決策を提供。,1.現場データの管理困難 2.記録・報告業務の負担 3.品質・安全管理の課題 4.効率化の限界,現場管理業務：1日3-5時間／記録作業：週数時間／管理精度：業界平均レベル,従来の手作業による非効率な現場管理フロー,「現場管理が大変」「記録が面倒」「効率が悪い」,Googleフォーム、Google Apps Script、Googleスプレッドシート、ChatGPT,1.現状分析 2.現場管理システム設計 3.GAS機能構築 4.テスト実施 5.研修実施,システム操作方法、現場データ入力手順、分析結果確認方法,小売業に特化した現場管理機能、専門業務に合わせた操作性改善,3-4週間（分析・設計・構築・研修含む）,現場管理効率40-60%向上、記録作業時間50-70%削減、管理品質20-50%向上,1日1-3時間短縮、月間30-90時間の作業時間削減,人件費月8-20万円削減、品質・安全コスト削減,現場管理品質向上、専門業務品質向上、安全性向上,スタッフのモチベーション向上、専門性の向上、職場環境改善,現場重視の設計、専門性の考慮、継続的な改善,「現場管理がしやすくなった」「専門業務に集中できる」と担当者の満足度向上,機能拡張、IoT連携、AI活用による高度化,現場重視の設計、専門性の考慮、継続的な改善の重要性,Googleフォーム（現場データ入力）、GAS（自動化・分析）、スプレッドシート（管理）、ChatGPT（専門分析）,既存の専門システム、管理システムとのデータ連携,現場データ入力→自動処理→分析→管理支援→品質向上,現場データの暗号化、専門情報保護、アクセス制限、業務ログ管理,事例のみ,,,,2025-07-08,,,"現場管理・専門職,小売業,安全管理者,業務効率化,GAS"
697,小売業,衣料品店,技術者,8名,宮城県気仙沼市,小売業の技術者向け現場管理効率化事例,GASとGoogleフォーム活用による専門業務最適化,小売業における技術者の現場管理業務をGoogleフォームとGASで効率化した事例。,小売業特有の現場管理課題に対して、地方中小企業でも導入可能な解決策を提供。,1.現場データの管理困難 2.記録・報告業務の負担 3.品質・安全管理の課題 4.効率化の限界,現場管理業務：1日3-5時間／記録作業：週数時間／管理精度：業界平均レベル,従来の手作業による非効率な現場管理フロー,「現場管理が大変」「記録が面倒」「効率が悪い」,Googleフォーム、Google Apps Script、Googleスプレッドシート、ChatGPT,1.現状分析 2.現場管理システム設計 3.GAS機能構築 4.テスト実施 5.研修実施,システム操作方法、現場データ入力手順、分析結果確認方法,小売業に特化した現場管理機能、専門業務に合わせた操作性改善,3-4週間（分析・設計・構築・研修含む）,現場管理効率40-60%向上、記録作業時間50-70%削減、管理品質20-50%向上,1日1-3時間短縮、月間30-90時間の作業時間削減,人件費月8-20万円削減、品質・安全コスト削減,現場管理品質向上、専門業務品質向上、安全性向上,スタッフのモチベーション向上、専門性の向上、職場環境改善,現場重視の設計、専門性の考慮、継続的な改善,「現場管理がしやすくなった」「専門業務に集中できる」と担当者の満足度向上,機能拡張、IoT連携、AI活用による高度化,現場重視の設計、専門性の考慮、継続的な改善の重要性,Googleフォーム（現場データ入力）、GAS（自動化・分析）、スプレッドシート（管理）、ChatGPT（専門分析）,既存の専門システム、管理システムとのデータ連携,現場データ入力→自動処理→分析→管理支援→品質向上,現場データの暗号化、専門情報保護、アクセス制限、業務ログ管理,事例のみ,,,,2025-07-08,,,"現場管理・専門職,小売業,技術者,業務効率化,GAS"
